2025-02-05 09:52:08.435+0000 INFO  [o.n.g.f.m.GlobalModule] Logging config in use: Embedded default config 'default-server-logs.xml'
2025-02-05 09:52:08.673+0000 WARN  [o.n.i.p.PageCache] Reflection access to java.nio.DirectByteBuffer is not available, using fallback mode. This could have negative impact on performance and memory usage. Consider adding --add-opens=java.base/java.nio=ALL-UNNAMED to VM options.
2025-02-05 09:52:08.872+0000 INFO  [o.n.i.d.DiagnosticsManager] 
                                                                ********************************************************************************
                                                                                             [ System diagnostics ]                             
                                                                ********************************************************************************
2025-02-05 09:52:08.875+0000 INFO  [o.n.i.d.DiagnosticsManager] 
                                                                --------------------------------------------------------------------------------
                                                                                         [ System memory information ]                          
                                                                --------------------------------------------------------------------------------
                                                                Total Physical memory: 7.725GiB
                                                                Free Physical memory: 2.312GiB
                                                                Committed virtual memory: 4.196GiB
                                                                Total swap space: 2.000GiB
                                                                Free swap space: 2.000GiB
                                                                
2025-02-05 09:52:08.876+0000 INFO  [o.n.i.d.DiagnosticsManager] 
                                                                --------------------------------------------------------------------------------
                                                                                           [ JVM memory information ]                           
                                                                --------------------------------------------------------------------------------
                                                                Free  memory: 995.7MiB
                                                                Total memory: 1.000GiB
                                                                Max   memory: 1.000GiB
                                                                Garbage Collector: G1 Young Generation: [G1 Eden Space, G1 Survivor Space, G1 Old Gen]
                                                                Garbage Collector: G1 Old Generation: [G1 Eden Space, G1 Survivor Space, G1 Old Gen]
                                                                Memory Pool: CodeHeap 'non-nmethods' (Non-heap memory): committed=2.438MiB, used=1.222MiB, max=5.566MiB, threshold=0B
                                                                Memory Pool: Metaspace (Non-heap memory): committed=21.81MiB, used=21.48MiB, max=-1B, threshold=0B
                                                                Memory Pool: CodeHeap 'profiled nmethods' (Non-heap memory): committed=4.563MiB, used=4.506MiB, max=117.2MiB, threshold=0B
                                                                Memory Pool: Compressed Class Space (Non-heap memory): committed=2.500MiB, used=2.312MiB, max=1.000GiB, threshold=0B
                                                                Memory Pool: G1 Eden Space (Heap memory): committed=643.0MiB, used=3.000MiB, max=-1B, threshold=?
                                                                Memory Pool: G1 Old Gen (Heap memory): committed=379.0MiB, used=23.50MiB, max=1.000GiB, threshold=0B
                                                                Memory Pool: G1 Survivor Space (Heap memory): committed=2.000MiB, used=1.832MiB, max=-1B, threshold=?
                                                                Memory Pool: CodeHeap 'non-profiled nmethods' (Non-heap memory): committed=2.438MiB, used=1.194MiB, max=117.2MiB, threshold=0B
                                                                
2025-02-05 09:52:08.877+0000 INFO  [o.n.i.d.DiagnosticsManager] 
                                                                --------------------------------------------------------------------------------
                                                                                        [ Operating system information ]                        
                                                                --------------------------------------------------------------------------------
                                                                Operating System: Linux; version: 5.15.167.4-microsoft-standard-WSL2; arch: amd64; cpus: 4
                                                                Max number of file descriptors: 1048576
                                                                Number of open file descriptors: 255
                                                                Process id: 7
                                                                Byte order: LITTLE_ENDIAN
                                                                Local timezone: Etc/UTC
                                                                Memory page size: 4096
                                                                Unaligned memory access allowed: true
                                                                
2025-02-05 09:52:08.877+0000 INFO  [o.n.i.d.DiagnosticsManager] 
                                                                --------------------------------------------------------------------------------
                                                                                              [ JVM information ]                               
                                                                --------------------------------------------------------------------------------
                                                                VM Name: OpenJDK 64-Bit Server VM
                                                                VM Vendor: Eclipse Adoptium
                                                                VM Version: 17.0.14+7
                                                                JIT compiler: HotSpot 64-Bit Tiered Compilers
                                                                VM Arguments: [-Dfile.encoding=UTF-8, -Xms1048576k, -Xmx1048576k]
                                                                
2025-02-05 09:52:08.886+0000 INFO  [o.n.i.d.DiagnosticsManager] 
                                                                --------------------------------------------------------------------------------
                                                                                               [ Java classpath ]                               
                                                                --------------------------------------------------------------------------------
                                                                 [classpath] /var/lib/neo4j/lib/neo4j-io-5.26.1.jar
                                                                 [classpath] /var/lib/neo4j/lib/neo4j-notifications-5.26.1.jar
                                                                 [classpath] /var/lib/neo4j/lib/neo4j-csv-5.26.1.jar
                                                                 [classpath] /var/lib/neo4j/lib/grpc-core-1.68.0.jar
                                                                 [classpath] /var/lib/neo4j/lib/jackson-module-jaxb-annotations-2.18.0.jar
                                                                 [classpath] /var/lib/neo4j/lib/jaxb-runtime-2.3.2.jar
                                                                 [classpath] /var/lib/neo4j/lib/cypher-parser-factory-5.26.1.jar
                                                                 [classpath] /var/lib/neo4j/lib/netty-transport-4.1.115.Final.jar
                                                                 [classpath] /var/lib/neo4j/lib/netty-codec-http2-4.1.115.Final.jar
                                                                 [classpath] /var/lib/neo4j/lib/antlr4-runtime-4.13.2.jar
                                                                 [classpath] /var/lib/neo4j/lib/neo4j-id-generator-5.26.1.jar
                                                                 [classpath] /var/lib/neo4j/lib/netty-common-4.1.115.Final.jar
                                                                 [classpath] /var/lib/neo4j/lib/caffeine-3.1.8.jar
                                                                 [classpath] /var/lib/neo4j/lib/server-api-5.26.1.jar
                                                                 [classpath] /var/lib/neo4j/lib/magnolia_2.13-1.1.8.jar
                                                                 [classpath] /var/lib/neo4j/lib/scala-library-2.13.11.jar
                                                                 [classpath] /var/lib/neo4j/lib/neo4j-record-storage-engine-5.26.1.jar
                                                                 [classpath] /var/lib/neo4j/lib/commons-compress-1.27.1.jar
                                                                 [classpath] /var/lib/neo4j/lib/proto-google-common-protos-2.41.0.jar
                                                                 [classpath] /var/lib/neo4j/lib/protobuf-java-util-3.25.1.jar
                                                                 [classpath] /var/lib/neo4j/conf/*
                                                                 [classpath] /var/lib/neo4j/lib/parquet-column-1.14.3.jar
                                                                 [classpath] /var/lib/neo4j/lib/WMI4Java-1.6.3.jar
                                                                 [classpath] /var/lib/neo4j/lib/jakarta.xml.bind-api-2.3.2.jar
                                                                 [classpath] /var/lib/neo4j/lib/jProcesses-1.6.5.jar
                                                                 [classpath] /var/lib/neo4j/lib/neo4j-logging-5.26.1.jar
                                                                 [classpath] /var/lib/neo4j/lib/grpc-stub-1.68.0.jar
                                                                 [classpath] /var/lib/neo4j/lib/parquet-hadoop-1.14.3.jar
                                                                 [classpath] /var/lib/neo4j/lib/hk2-locator-2.6.1.jar
                                                                 [classpath] /var/lib/neo4j/lib/netty-transport-native-epoll-4.1.115.Final-linux-aarch_64.jar
                                                                 [classpath] /var/lib/neo4j/lib/neo4j-cypher-planner-spi-5.26.1.jar
                                                                 [classpath] /var/lib/neo4j/lib/parquet-format-structures-1.14.3.jar
                                                                 [classpath] /var/lib/neo4j/lib/netty-resolver-4.1.115.Final.jar
                                                                 [classpath] /var/lib/neo4j/lib/animal-sniffer-annotations-1.24.jar
                                                                 [classpath] /var/lib/neo4j/lib/jetty-alpn-server-10.0.24.jar
                                                                 [classpath] /var/lib/neo4j/lib/eclipse-collections-api-11.1.0.jar
                                                                 [classpath] /var/lib/neo4j/lib/netty-codec-socks-4.1.115.Final.jar
                                                                 [classpath] /var/lib/neo4j/lib/jetty-io-10.0.24.jar
                                                                 [classpath] /var/lib/neo4j/lib/grpc-context-1.68.0.jar
                                                                 [classpath] /var/lib/neo4j/lib/jansi-2.4.0.jar
                                                                 [classpath] /var/lib/neo4j/lib/cypher-v5-parser-listener-5.26.1.jar
                                                                 [classpath] /var/lib/neo4j/lib/neo4j-kernel-api-5.26.1.jar
                                                                 [classpath] /var/lib/neo4j/lib/jline-terminal-3.21.0.jar
                                                                 [classpath] /var/lib/neo4j/lib/ipaddress-5.5.1.jar
                                                                 [classpath] /var/lib/neo4j/lib/neo4j-layout-5.26.1.jar
                                                                 [classpath] /var/lib/neo4j/lib/lucene-queryparser-9.11.1.jar
                                                                 [classpath] /var/lib/neo4j/lib/neo4j-graphdb-api-5.26.1.jar
                                                                 [classpath] /var/lib/neo4j/lib/parquet-common-1.14.3.jar
                                                                 [classpath] /var/lib/neo4j/lib/jackson-databind-2.18.0.jar
                                                                 [classpath] /var/lib/neo4j/lib/shiro-lang-2.0.1.jar
                                                                 [classpath] /var/lib/neo4j/lib/kiama_2.13-2.5.1.jar
                                                                 [classpath] /var/lib/neo4j/lib/zstd-jni-1.5.6-6.jar
                                                                 [classpath] /var/lib/neo4j/lib/jakarta.ws.rs-api-2.1.6.jar
                                                                 [classpath] /var/lib/neo4j/lib/neo4j-unsafe-5.26.1.jar
                                                                 [classpath] /var/lib/neo4j/lib/neo4j-command-line-5.26.1.jar
                                                                 [classpath] /var/lib/neo4j/lib/neo4j-kernel-5.26.1.jar
                                                                 [classpath] /var/lib/neo4j/lib/cypher-ast-factory-5.26.1.jar
                                                                 [classpath] /var/lib/neo4j/lib/parquet-encoding-1.14.3.jar
                                                                 [classpath] /var/lib/neo4j/lib/neo4j-cypher-runtime-util-5.26.1.jar
                                                                 [classpath] /var/lib/neo4j/lib/neo4j-cypher-cache-5.26.1.jar
                                                                 [classpath] /var/lib/neo4j/lib/neo4j-monitoring-5.26.1.jar
                                                                 [classpath] /var/lib/neo4j/lib/neo4j-bootcheck-5.26.1.jar
                                                                 [classpath] /var/lib/neo4j/lib/lucene-analysis-common-9.11.1.jar
                                                                 [classpath] /var/lib/neo4j/lib/istack-commons-runtime-3.0.8.jar
                                                                 [classpath] /var/lib/neo4j/lib/neo4j-data-collector-5.26.1.jar
                                                                 [classpath] /var/lib/neo4j/lib/jetty-servlet-api-4.0.6.jar
                                                                 [classpath] /var/lib/neo4j/lib/eclipse-collections-11.1.0.jar
                                                                 [classpath] /var/lib/neo4j/lib/neo4j-token-api-5.26.1.jar
                                                                 [classpath] /var/lib/neo4j/lib/neo4j-cypher-interpreted-runtime-5.26.1.jar
                                                                 [classpath] /var/lib/neo4j/lib/neo4j-concurrent-5.26.1.jar
                                                                 [classpath] /var/lib/neo4j/lib/jetty-xml-10.0.24.jar
                                                                 [classpath] /var/lib/neo4j/lib/neo4j-cypher-slotted-runtime-5.26.1.jar
                                                                 [classpath] /var/lib/neo4j/lib/neo4j-schema-5.26.1.jar
                                                                 [classpath] /var/lib/neo4j/lib/commons-text-1.12.0.jar
                                                                 [classpath] /var/lib/neo4j/lib/neo4j-cypher-rendering-5.26.1.jar
                                                                 [classpath] /var/lib/neo4j/lib/grpc-protobuf-lite-1.68.0.jar
                                                                 [classpath] /var/lib/neo4j/lib/jakarta.validation-api-2.0.2.jar
                                                                 [classpath] /var/lib/neo4j/lib/picocli-4.7.6.jar
                                                                 [classpath] /var/lib/neo4j/lib/jackson-jaxrs-json-provider-2.18.0.jar
                                                                 [classpath] /var/lib/neo4j/lib/jackson-datatype-jdk8-2.17.0.jar
                                                                 [classpath] /var/lib/neo4j/lib/guava-33.3.1-jre.jar
                                                                 [classpath] /var/lib/neo4j/lib/hk2-utils-2.6.1.jar
                                                                 [classpath] /var/lib/neo4j/lib/stax-ex-1.8.1.jar
                                                                 [classpath] /var/lib/neo4j/lib/neo4j-cypher-logical-plans-5.26.1.jar
                                                                 [classpath] /var/lib/neo4j/lib/txw2-2.3.2.jar
                                                                 [classpath] /var/lib/neo4j/lib/cypher-v5-literal-interpreter-5.26.1.jar
                                                                 [classpath] /var/lib/neo4j/lib/neo4j-native-5.26.1.jar
                                                                 [classpath] /var/lib/neo4j/lib/log4j-api-2.20.0.jar
                                                                 [classpath] /var/lib/neo4j/lib/neo4j-cypher-javacc-parser-5.26.1.jar
                                                                 [classpath] /var/lib/neo4j/lib/commons-io-2.17.0.jar
                                                                 [classpath] /var/lib/neo4j/lib/arrow-memory-core-17.0.0.jar
                                                                 [classpath] /var/lib/neo4j/lib/neo4j-bolt-5.26.1.jar
                                                                 [classpath] /var/lib/neo4j/lib/argparse4j-0.9.0.jar
                                                                 [classpath] /var/lib/neo4j/lib/log4j-core-2.20.0.jar
                                                                 [classpath] /var/lib/neo4j/lib/neo4j-index-5.26.1.jar
                                                                 [classpath] /var/lib/neo4j/lib/reactor-core-3.6.10.jar
                                                                 [classpath] /var/lib/neo4j/lib/neo4j-storage-engine-util-5.26.1.jar
                                                                 [classpath] /var/lib/neo4j/lib/grpc-protobuf-1.68.0.jar
                                                                 [classpath] /var/lib/neo4j/lib/jetty-security-10.0.24.jar
                                                                 [classpath] /var/lib/neo4j/lib/neo4j-util-5.26.1.jar
                                                                 [classpath] /var/lib/neo4j/lib/neo4j-collections-5.26.1.jar
                                                                 [classpath] /var/lib/neo4j/lib/cypher-antlr-common-5.26.1.jar
                                                                 [classpath] /var/lib/neo4j/lib/neo4j-cypher-5.26.1.jar
                                                                 [classpath] /var/lib/neo4j/lib/flight-core-17.0.0.jar
                                                                 [classpath] /var/lib/neo4j/lib/netty-handler-4.1.115.Final.jar
                                                                 [classpath] /var/lib/neo4j/lib/arrow-vector-17.0.0.jar
                                                                 [classpath] /var/lib/neo4j/lib/cypher-v5-antlr-parser-5.26.1.jar
                                                                 [classpath] /var/lib/neo4j/lib/neo4j-cypher-ast-factory-5.26.1.jar
                                                                 [classpath] /var/lib/neo4j/lib/shiro-crypto-core-2.0.1.jar
                                                                 [classpath] /var/lib/neo4j/lib/http2-common-10.0.24.jar
                                                                 [classpath] /var/lib/neo4j/lib/lucene-backward-codecs-9.11.1.jar
                                                                 [classpath] /var/lib/neo4j/lib/cypher-v25-parser-listener-5.26.1.jar
                                                                 [classpath] /var/lib/neo4j/lib/cypher-parser-ast-common-5.26.1.jar
                                                                 [classpath] /var/lib/neo4j/lib/neo4j-slf4j-provider-5.26.1.jar
                                                                 [classpath] /var/lib/neo4j/lib/parquet-jackson-1.14.3.jar
                                                                 [classpath] /var/lib/neo4j/lib/jackson-annotations-2.18.0.jar
                                                                 [classpath] /var/lib/neo4j/lib/jetty-http-10.0.24.jar
                                                                 [classpath] /var/lib/neo4j/lib/jetty-webapp-10.0.24.jar
                                                                 [classpath] /var/lib/neo4j/lib/cypher-v5-ast-factory-5.26.1.jar
                                                                 [classpath] /var/lib/neo4j/lib/neo4j-cypher-physical-planning-5.26.1.jar
                                                                 [classpath] /var/lib/neo4j/lib/grpc-api-1.68.0.jar
                                                                 [classpath] /var/lib/neo4j/lib/neo4j-import-tool-5.26.1.jar
                                                                 [classpath] /var/lib/neo4j/lib/shiro-cache-2.0.1.jar
                                                                 [classpath] /var/lib/neo4j/lib/netty-codec-4.1.115.Final.jar
                                                                 [classpath] /var/lib/neo4j/lib/netty-handler-proxy-4.1.115.Final.jar
                                                                 [classpath] /var/lib/neo4j/lib/scala-collection-contrib_2.13-0.3.0.jar
                                                                 [classpath] /var/lib/neo4j/lib/jersey-container-servlet-2.43.jar
                                                                 [classpath] /var/lib/neo4j/lib/commons-codec-1.17.1.jar
                                                                 [classpath] /var/lib/neo4j/lib/neo4j-dbms-5.26.1.jar
                                                                 [classpath] /var/lib/neo4j/lib/jetty-server-10.0.24.jar
                                                                 [classpath] /var/lib/neo4j/lib/neo4j-import-util-5.26.1.jar
                                                                 [classpath] /var/lib/neo4j/lib/jetty-util-10.0.24.jar
                                                                 [classpath] /var/lib/neo4j/lib/jPowerShell-3.0.jar
                                                                 [classpath] /var/lib/neo4j/lib/shiro-hashes-argon2-2.0.1.jar
                                                                 [classpath] /var/lib/neo4j/lib/reactive-streams-1.0.4.jar
                                                                 [classpath] /var/lib/neo4j/lib/neo4j-spatial-index-5.26.1.jar
                                                                 [classpath] /var/lib/neo4j/lib/perfmark-api-0.27.0.jar
                                                                 [classpath] /var/lib/neo4j/lib/netty-transport-native-epoll-4.1.115.Final-linux-x86_64.jar
                                                                 [classpath] /var/lib/neo4j/lib/neo4j-resource-5.26.1.jar
                                                                 [classpath] /var/lib/neo4j/lib/netty-transport-native-unix-common-4.1.115.Final.jar
                                                                 [classpath] /var/lib/neo4j/lib/neo4j-values-5.26.1.jar
                                                                 [classpath] /var/lib/neo4j/lib/aircompressor-0.27.jar
                                                                 [classpath] /var/lib/neo4j/lib/http2-server-10.0.24.jar
                                                                 [classpath] /var/lib/neo4j/lib/shiro-crypto-hash-2.0.1.jar
                                                                 [classpath] /var/lib/neo4j/lib/arrow-memory-netty-17.0.0.jar
                                                                 [classpath] /var/lib/neo4j/lib/neo4j-procedure-api-5.26.1.jar
                                                                 [classpath] /var/lib/neo4j/lib/listenablefuture-9999.0-empty-to-avoid-conflict-with-guava.jar
                                                                 [classpath] /var/lib/neo4j/lib/failureaccess-1.0.2.jar
                                                                 [classpath] /var/lib/neo4j/lib/jaxb-api-2.2.12.jar
                                                                 [classpath] /var/lib/neo4j/lib/jersey-container-servlet-core-2.43.jar
                                                                 [classpath] /var/lib/neo4j/lib/neo4j-cypher-dsl-2024.2.0.jar
                                                                 [classpath] /var/lib/neo4j/lib/jersey-client-2.43.jar
                                                                 [classpath] /var/lib/neo4j/lib/cypher-antlr-ast-common-5.26.1.jar
                                                                 [classpath] /var/lib/neo4j/lib/grpc-netty-1.68.0.jar
                                                                 [classpath] /var/lib/neo4j/lib/shiro-core-2.0.1.jar
                                                                 [classpath] /var/lib/neo4j/lib/jersey-server-2.43.jar
                                                                 [classpath] /var/lib/neo4j/lib/netty-tcnative-classes-2.0.69.Final.jar
                                                                 [classpath] /var/lib/neo4j/lib/neo4j-cypher-planner-5.26.1.jar
                                                                 [classpath] /var/lib/neo4j/lib/javax.annotation-api-1.3.2.jar
                                                                 [classpath] /var/lib/neo4j/lib/jna-5.15.0.jar
                                                                 [classpath] /var/lib/neo4j/lib/http2-hpack-10.0.24.jar
                                                                 [classpath] /var/lib/neo4j/lib/cypher-shell-5.26.1.jar
                                                                 [classpath] /var/lib/neo4j/lib/neo4j-exceptions-5.26.1.jar
                                                                 [classpath] /var/lib/neo4j/lib/shiro-hashes-bcrypt-2.0.1.jar
                                                                 [classpath] /var/lib/neo4j/lib/neo4j-codegen-5.26.1.jar
                                                                 [classpath] /var/lib/neo4j/lib/neo4j-procedure-5.26.1.jar
                                                                 [classpath] /var/lib/neo4j/lib/neo4j-cypher-ir-5.26.1.jar
                                                                 [classpath] /var/lib/neo4j/lib/netty-transport-classes-kqueue-4.1.115.Final.jar
                                                                 [classpath] /var/lib/neo4j/lib/neo4j-ast-5.26.1.jar
                                                                 [classpath] /var/lib/neo4j/lib/snappy-java-1.1.10.5.jar
                                                                 [classpath] /var/lib/neo4j/lib/netty-buffer-4.1.115.Final.jar
                                                                 [classpath] /var/lib/neo4j/lib/neo4j-5.26.1.jar
                                                                 [classpath] /var/lib/neo4j/lib/neo4j-front-end-5.26.1.jar
                                                                 [classpath] /var/lib/neo4j/lib/commons-configuration2-2.11.0.jar
                                                                 [classpath] /var/lib/neo4j/lib/neo4j-diagnostics-5.26.1.jar
                                                                 [classpath] /var/lib/neo4j/lib/jline-terminal-jansi-3.21.0.jar
                                                                 [classpath] /var/lib/neo4j/lib/netty-transport-native-kqueue-4.1.115.Final-osx-x86_64.jar
                                                                 [classpath] /var/lib/neo4j/lib/hk2-api-2.6.1.jar
                                                                 [classpath] /var/lib/neo4j/lib/neo4j-gql-status-5.26.1.jar
                                                                 [classpath] /var/lib/neo4j/lib/shiro-config-core-2.0.1.jar
                                                                 [classpath] /var/lib/neo4j/lib/neo4j-import-api-5.26.1.jar
                                                                 [classpath] /var/lib/neo4j/lib/parquet-floor-1.47.jar
                                                                 [classpath] /var/lib/neo4j/lib/neo4j-query-router-5.26.1.jar
                                                                 [classpath] /var/lib/neo4j/lib/neo4j-server-5.26.1.jar
                                                                 [classpath] /var/lib/neo4j/lib/neo4j-cypher-expression-evaluator-5.26.1.jar
                                                                 [classpath] /var/lib/neo4j/lib/shiro-event-2.0.1.jar
                                                                 [classpath] /var/lib/neo4j/lib/neo4j-wal-5.26.1.jar
                                                                 [classpath] /var/lib/neo4j/lib/jsr305-3.0.2.jar
                                                                 [classpath] /var/lib/neo4j/lib/neo4j-cloud-5.26.1.jar
                                                                 [classpath] /var/lib/neo4j/lib/commons-logging-1.3.4.jar
                                                                 [classpath] /var/lib/neo4j/lib/neo4j-rewriting-5.26.1.jar
                                                                 [classpath] /var/lib/neo4j/lib/jakarta.activation-api-1.2.2.jar
                                                                 [classpath] /var/lib/neo4j/lib/commons-lang3-3.17.0.jar
                                                                 [classpath] /var/lib/neo4j/lib/cypher-v25-ast-factory-5.26.1.jar
                                                                 [classpath] /var/lib/neo4j/lib/jettison-1.5.4.jar
                                                                 [classpath] /var/lib/neo4j/lib/neo4j-expressions-5.26.1.jar
                                                                 [classpath] /var/lib/neo4j/lib/netty-codec-http-4.1.115.Final.jar
                                                                 [classpath] /var/lib/neo4j/lib/jakarta.inject-2.6.1.jar
                                                                 [classpath] /var/lib/neo4j/lib/neo4j-lock-5.26.1.jar
                                                                 [classpath] /var/lib/neo4j/lib/neo4j-lucene-index-5.26.1.jar
                                                                 [classpath] /var/lib/neo4j/lib/slf4j-api-2.0.9.jar
                                                                 [classpath] /var/lib/neo4j/lib/neo4j-configuration-5.26.1.jar
                                                                 [classpath] /var/lib/neo4j/lib/gson-2.11.0.jar
                                                                 [classpath] /var/lib/neo4j/lib/arrow-format-17.0.0.jar
                                                                 [classpath] /var/lib/neo4j/lib/jline-reader-3.21.0.jar
                                                                 [classpath] /var/lib/neo4j/lib/neo4j-fulltext-index-5.26.1.jar
                                                                 [classpath] /var/lib/neo4j/lib/FastInfoset-1.2.16.jar
                                                                 [classpath] /var/lib/neo4j/lib/javassist-3.30.2-GA.jar
                                                                 [classpath] /var/lib/neo4j/lib/jersey-hk2-2.43.jar
                                                                 [classpath] /var/lib/neo4j/lib/neo4j-common-5.26.1.jar
                                                                 [classpath] /var/lib/neo4j/lib/netty-transport-classes-epoll-4.1.115.Final.jar
                                                                 [classpath] /var/lib/neo4j/lib/shiro-crypto-cipher-2.0.1.jar
                                                                 [classpath] /var/lib/neo4j/lib/grpc-util-1.68.0.jar
                                                                 [classpath] /var/lib/neo4j/lib/cypher-v25-antlr-parser-5.26.1.jar
                                                                 [classpath] /var/lib/neo4j/lib/netty-transport-native-kqueue-4.1.115.Final-osx-aarch_64.jar
                                                                 [classpath] /var/lib/neo4j/lib/flatbuffers-java-24.3.25.jar
                                                                 [classpath] /var/lib/neo4j/lib/neo4j-security-5.26.1.jar
                                                                 [classpath] /var/lib/neo4j/lib/jetty-servlet-10.0.24.jar
                                                                 [classpath] /var/lib/neo4j/lib/neo4j-capabilities-5.26.1.jar
                                                                 [classpath] /var/lib/neo4j/lib/neo4j-consistency-check-5.26.1.jar
                                                                 [classpath] /var/lib/neo4j/lib/scala-reflect-2.13.11.jar
                                                                 [classpath] /var/lib/neo4j/lib/jetty-alpn-java-server-10.0.24.jar
                                                                 [classpath] /var/lib/neo4j/lib/jakarta.annotation-api-1.3.5.jar
                                                                 [classpath] /var/lib/neo4j/lib/neo4j-graph-algo-5.26.1.jar
                                                                 [classpath] /var/lib/neo4j/lib/protobuf-java-3.25.5.jar
                                                                 [classpath] /var/lib/neo4j/lib/jctools-core-4.0.5.jar
                                                                 [classpath] /var/lib/neo4j/lib/neo4j-push-to-cloud-5.26.1.jar
                                                                 [classpath] /var/lib/neo4j/lib/jackson-datatype-jsr310-2.17.1.jar
                                                                 [classpath] /var/lib/neo4j/lib/annotations-5.26.1.jar
                                                                 [classpath] /var/lib/neo4j/lib/neo4j-ssl-5.26.1.jar
                                                                 [classpath] /var/lib/neo4j/lib/jackson-core-2.18.0.jar
                                                                 [classpath] /var/lib/neo4j/lib/neo4j-cypher-config-5.26.1.jar
                                                                 [classpath] /var/lib/neo4j/lib/zstd-proxy-5.26.1.jar
                                                                 [classpath] /var/lib/neo4j/lib/neo4j-udc-5.26.1.jar
                                                                 [classpath] /var/lib/neo4j/lib/cypher-parser-common-5.26.1.jar
                                                                 [classpath] /var/lib/neo4j/lib/log4j-layout-template-json-2.20.0.jar
                                                                 [classpath] /var/lib/neo4j/lib/jersey-common-2.43.jar
                                                                 [classpath] /var/lib/neo4j/lib/neo4j-browser-5.26.0.jar
                                                                 [classpath] /var/lib/neo4j/lib/neo4j-cypher-macros-5.26.1.jar
                                                                 [classpath] /var/lib/neo4j/lib/arrow-memory-netty-buffer-patch-17.0.0.jar
                                                                 [classpath] /var/lib/neo4j/lib/neo4j-java-driver-5.26.0.jar
                                                                 [classpath] /var/lib/neo4j/lib/neo4j-fabric-5.26.1.jar
                                                                 [classpath] /var/lib/neo4j/lib/lucene-core-9.11.1.jar
                                                                 [classpath] /var/lib/neo4j/lib/jackson-jaxrs-base-2.18.0.jar
                                                                
2025-02-05 09:52:08.886+0000 INFO  [o.n.i.d.DiagnosticsManager] 
                                                                --------------------------------------------------------------------------------
                                                                                                [ Library path ]                                
                                                                --------------------------------------------------------------------------------
                                                                /usr/java/packages/lib
                                                                /usr/lib64
                                                                /lib64
                                                                /lib
                                                                /usr/lib
                                                                
2025-02-05 09:52:08.887+0000 INFO  [o.n.i.d.DiagnosticsManager] 
                                                                --------------------------------------------------------------------------------
                                                                                             [ System properties ]                              
                                                                --------------------------------------------------------------------------------
                                                                sun.jnu.encoding = UTF-8
                                                                sun.arch.data.model = 64
                                                                user.timezone = Etc/UTC
                                                                sun.java.launcher = SUN_STANDARD
                                                                sun.boot.library.path = /opt/java/openjdk/lib
                                                                sun.java.command = org.neo4j.server.CommunityEntryPoint --home-dir=/var/lib/neo4j --config-dir=/var/lib/neo4j/conf --console-mode
                                                                jdk.debug = release
                                                                sun.cpu.endian = little
                                                                user.home = /var/lib/neo4j
                                                                user.language = en
                                                                file.separator = /
                                                                sun.management.compiler = HotSpot 64-Bit Tiered Compilers
                                                                user.name = neo4j
                                                                path.separator = :
                                                                file.encoding = UTF-8
                                                                jnidispatch.path = /var/lib/neo4j/.cache/JNA/temp/jna448866343236676702.tmp
                                                                jna.loaded = true
                                                                user.dir = /var/lib/neo4j
                                                                native.encoding = UTF-8
                                                                sun.io.unicode.encoding = UnicodeLittle
                                                                
2025-02-05 09:52:08.887+0000 INFO  [o.n.i.d.DiagnosticsManager] 
                                                                --------------------------------------------------------------------------------
                                                                                      [ (IANA) TimeZone database version ]                      
                                                                --------------------------------------------------------------------------------
                                                                  TimeZone version: 2024b (available for 603 zone identifiers)
                                                                
2025-02-05 09:52:08.887+0000 INFO  [o.n.i.d.DiagnosticsManager] 
                                                                --------------------------------------------------------------------------------
                                                                                            [ Network information ]                             
                                                                --------------------------------------------------------------------------------
                                                                Interface eth0:
                                                                    address: 172.18.0.2
                                                                Interface lo:
                                                                    address: 0:0:0:0:0:0:0:1%lo
                                                                    address: 127.0.0.1
                                                                
2025-02-05 09:52:08.888+0000 INFO  [o.n.i.d.DiagnosticsManager] 
                                                                --------------------------------------------------------------------------------
                                                                                         [ Native access information ]                          
                                                                --------------------------------------------------------------------------------
                                                                Native access details: Linux native access is available.
                                                                
2025-02-05 09:52:08.888+0000 INFO  [o.n.i.d.DiagnosticsManager] 
                                                                --------------------------------------------------------------------------------
                                                                                                [ DBMS config ]                                 
                                                                --------------------------------------------------------------------------------
                                                                DBMS provided settings:
                                                                server.default_listen_address=0.0.0.0
                                                                server.directories.import=/import
                                                                server.directories.logs=/logs
                                                                server.directories.neo4j_home=/var/lib/neo4j
                                                                server.directories.plugins=/plugins
                                                                server.memory.heap.initial_size=1.00GiB
                                                                server.memory.heap.max_size=1.00GiB
                                                                server.memory.pagecache.size=1.00GiB
                                                                Directories in use:
                                                                server.directories.data=/var/lib/neo4j/data
                                                                server.directories.dumps.root=/var/lib/neo4j/data/dumps
                                                                server.directories.import=/import
                                                                server.directories.lib=/var/lib/neo4j/lib
                                                                server.directories.licenses=/var/lib/neo4j/licenses
                                                                server.directories.logs=/logs
                                                                server.directories.neo4j_home=/var/lib/neo4j
                                                                server.directories.plugins=/plugins
                                                                server.directories.run=/var/lib/neo4j/run
                                                                server.directories.script.root=/var/lib/neo4j/data/scripts
                                                                server.directories.transaction.logs.root=/var/lib/neo4j/data/transactions
                                                                
2025-02-05 09:52:08.888+0000 INFO  [o.n.i.d.DiagnosticsManager] 
                                                                --------------------------------------------------------------------------------
                                                                                                 [ Packaging ]                                  
                                                                --------------------------------------------------------------------------------
                                                                Edition: Community
                                                                Package Type: docker bullseye
                                                                
2025-02-05 09:52:08.919+0000 INFO  [o.n.d.i.DefaultIdentityModule] Generated new ServerId: ServerId{d3ce7e3c} (d3ce7e3c-3f91-40b7-be46-489aff4eaba8)
2025-02-05 09:52:08.921+0000 INFO  [o.n.d.i.DefaultIdentityModule] This instance is ServerId{d3ce7e3c} (d3ce7e3c-3f91-40b7-be46-489aff4eaba8)
2025-02-05 09:52:10.889+0000 INFO  [o.n.s.CommunityNeoWebServer] ======== Neo4j 5.26.1 ========
2025-02-05 09:52:10.911+0000 INFO  [o.n.d.d.DatabaseLifecycles] Creating 'DatabaseId{00000000[system]}'.
2025-02-05 09:52:11.522+0000 INFO  [o.n.b.BoltServer] Using connector transport epoll
2025-02-05 09:52:11.648+0000 INFO  [o.n.b.BoltServer] Configured external Bolt connector with listener address /0.0.0.0:7687
2025-02-05 09:52:11.657+0000 INFO  [o.n.b.BoltServer] Bolt server loaded
2025-02-05 09:52:11.711+0000 INFO  [o.n.d.d.DatabaseLifecycles] Starting 'DatabaseId{00000000[system]}'.
2025-02-05 09:52:14.245+0000 INFO  [o.n.i.d.DiagnosticsManager] [system/00000000] 
                                                                [system/00000000] ********************************************************************************
                                                                [system/00000000]                               [ Database: system ]                              
                                                                [system/00000000] ********************************************************************************
                                                                [system/00000000] --------------------------------------------------------------------------------
                                                                [system/00000000]                                   [ Version ]                                   
                                                                [system/00000000] --------------------------------------------------------------------------------
                                                                [system/00000000] DBMS: community record-aligned-1.1
                                                                [system/00000000] Kernel version: 5.26.1
                                                                [system/00000000] 
                                                                [system/00000000] --------------------------------------------------------------------------------
                                                                [system/00000000]                                 [ Store files ]                                 
                                                                [system/00000000] --------------------------------------------------------------------------------
                                                                [system/00000000] Disk space on partition (Total / Free / Free %): 119013953536 / 14931550208 / 12
                                                                [system/00000000] Storage files stored on file store: 9p
                                                                [system/00000000] Storage files: (filename : modification date - size)
                                                                [system/00000000]   neostore: 2025-02-05 09:52:13.970+0000 - 8.000KiB
                                                                [system/00000000]   neostore.counts.db: 2025-02-05 09:52:13.997+0000 - 0B
                                                                [system/00000000]   neostore.indexstats.db: 2025-02-05 09:52:14.028+0000 - 0B
                                                                [system/00000000]   neostore.labeltokenstore.db: 2025-02-05 09:52:13.924+0000 - 0B
                                                                [system/00000000]   neostore.labeltokenstore.db.id: 2025-02-05 09:52:13.918+0000 - 0B
                                                                [system/00000000]   neostore.labeltokenstore.db.names: 2025-02-05 09:52:13.888+0000 - 8.000KiB
                                                                [system/00000000]   neostore.labeltokenstore.db.names.id: 2025-02-05 09:52:13.877+0000 - 0B
                                                                [system/00000000]   neostore.nodestore.db: 2025-02-05 09:52:13.752+0000 - 0B
                                                                [system/00000000]   neostore.nodestore.db.id: 2025-02-05 09:52:13.734+0000 - 0B
                                                                [system/00000000]   neostore.nodestore.db.labels: 2025-02-05 09:52:13.405+0000 - 8.000KiB
                                                                [system/00000000]   neostore.nodestore.db.labels.id: 2025-02-05 09:52:13.352+0000 - 0B
                                                                [system/00000000]   neostore.propertystore.db: 2025-02-05 09:52:13.826+0000 - 0B
                                                                [system/00000000]   neostore.propertystore.db.arrays: 2025-02-05 09:52:13.809+0000 - 8.000KiB
                                                                [system/00000000]   neostore.propertystore.db.arrays.id: 2025-02-05 09:52:13.801+0000 - 0B
                                                                [system/00000000]   neostore.propertystore.db.id: 2025-02-05 09:52:13.822+0000 - 0B
                                                                [system/00000000]   neostore.propertystore.db.index: 2025-02-05 09:52:13.783+0000 - 0B
                                                                [system/00000000]   neostore.propertystore.db.index.id: 2025-02-05 09:52:13.772+0000 - 0B
                                                                [system/00000000]   neostore.propertystore.db.index.keys: 2025-02-05 09:52:13.762+0000 - 8.000KiB
                                                                [system/00000000]   neostore.propertystore.db.index.keys.id: 2025-02-05 09:52:13.756+0000 - 0B
                                                                [system/00000000]   neostore.propertystore.db.strings: 2025-02-05 09:52:13.787+0000 - 8.000KiB
                                                                [system/00000000]   neostore.propertystore.db.strings.id: 2025-02-05 09:52:13.787+0000 - 0B
                                                                [system/00000000]   neostore.relationshipgroupstore.db: 2025-02-05 09:52:13.956+0000 - 8.000KiB
                                                                [system/00000000]   neostore.relationshipgroupstore.db.id: 2025-02-05 09:52:13.950+0000 - 0B
                                                                [system/00000000]   neostore.relationshipgroupstore.degrees.db: 2025-02-05 09:52:14.017+0000 - 0B
                                                                [system/00000000]   neostore.relationshipstore.db: 2025-02-05 09:52:13.839+0000 - 0B
                                                                [system/00000000]   neostore.relationshipstore.db.id: 2025-02-05 09:52:13.834+0000 - 0B
                                                                [system/00000000]   neostore.relationshiptypestore.db: 2025-02-05 09:52:13.873+0000 - 0B
                                                                [system/00000000]   neostore.relationshiptypestore.db.id: 2025-02-05 09:52:13.870+0000 - 0B
                                                                [system/00000000]   neostore.relationshiptypestore.db.names: 2025-02-05 09:52:13.853+0000 - 8.000KiB
                                                                [system/00000000]   neostore.relationshiptypestore.db.names.id: 2025-02-05 09:52:13.845+0000 - 0B
                                                                [system/00000000]   neostore.schemastore.db: 2025-02-05 09:52:13.937+0000 - 8.000KiB
                                                                [system/00000000]   neostore.schemastore.db.id: 2025-02-05 09:52:13.930+0000 - 0B
                                                                [system/00000000] Storage summary: 
                                                                [system/00000000]   Total size of store: 72.00KiB
                                                                [system/00000000]   Total size of mapped files: 72.00KiB
                                                                [system/00000000] 
                                                                [system/00000000] --------------------------------------------------------------------------------
                                                                [system/00000000]                               [ Transaction log ]                               
                                                                [system/00000000] --------------------------------------------------------------------------------
                                                                [system/00000000] Transaction log files stored on file store: 9p
                                                                [system/00000000] Transaction log metadata:
                                                                [system/00000000]  - current kernel version used in transactions: V5_25
                                                                [system/00000000]  - last committed transaction id: 1
                                                                [system/00000000] Transaction log files:
                                                                [system/00000000]  - existing transaction log versions: -1--1
                                                                [system/00000000]  - no transactions found
                                                                [system/00000000] Checkpoint log files:
                                                                [system/00000000]  - existing checkpoint log versions: -1--1
                                                                [system/00000000]  - no checkpoints found
                                                                [system/00000000] 
                                                                [system/00000000] --------------------------------------------------------------------------------
                                                                [system/00000000]                                   [ Id usage ]                                  
                                                                [system/00000000] --------------------------------------------------------------------------------
                                                                [system/00000000] ArrayPropertyStore[neostore.nodestore.db.labels]: used=1 high=0
                                                                [system/00000000] NodeStore[neostore.nodestore.db]: used=0 high=-1
                                                                [system/00000000] StringPropertyStore[neostore.propertystore.db.index.keys]: used=1 high=0
                                                                [system/00000000] PropertyIndexStore[neostore.propertystore.db.index]: used=0 high=-1
                                                                [system/00000000] StringPropertyStore[neostore.propertystore.db.strings]: used=1 high=0
                                                                [system/00000000] ArrayPropertyStore[neostore.propertystore.db.arrays]: used=1 high=0
                                                                [system/00000000] PropertyStore[neostore.propertystore.db]: used=0 high=-1
                                                                [system/00000000] RelationshipStore[neostore.relationshipstore.db]: used=0 high=-1
                                                                [system/00000000] StringPropertyStore[neostore.relationshiptypestore.db.names]: used=1 high=0
                                                                [system/00000000] RelationshipTypeStore[neostore.relationshiptypestore.db]: used=0 high=-1
                                                                [system/00000000] StringPropertyStore[neostore.labeltokenstore.db.names]: used=1 high=0
                                                                [system/00000000] LabelTokenStore[neostore.labeltokenstore.db]: used=0 high=-1
                                                                [system/00000000] SchemaStore[neostore.schemastore.db]: used=1 high=0
                                                                [system/00000000] RelationshipGroupStore[neostore.relationshipgroupstore.db]: used=1 high=0
                                                                [system/00000000] NeoStore[neostore]: used=-1 high=-1
                                                                [system/00000000] 
                                                                [system/00000000] --------------------------------------------------------------------------------
                                                                [system/00000000]                                   [ Metadata ]                                  
                                                                [system/00000000] --------------------------------------------------------------------------------
                                                                [system/00000000] EXTERNAL_STORE_UUID (Database identifier exposed as external store identity. Generated on creation and never updated): 4cffff24-fa74-48d6-9304-e4650c0ee11d
                                                                [system/00000000] DATABASE_ID (The last used DatabaseId for this database): null
                                                                [system/00000000] LEGACY_STORE_VERSION (Legacy store format version. This field is used from 5.0 onwards only to distinguish non-migrated pre 5.0 metadata stores.): -3523014627327384477
                                                                [system/00000000] STORE_ID (Store ID): StoreId{creationTime=1738749133969, random=3699694509950572513, storageEngineName='record', formatName='aligned', majorVersion=1, minorVersion=1}
                                                                [system/00000000] 
2025-02-05 09:52:14.285+0000 INFO  [o.n.k.a.DatabaseAvailabilityGuard] [system/00000000] Requirement `Database unavailable` makes database system unavailable.
2025-02-05 09:52:14.286+0000 INFO  [o.n.k.a.DatabaseAvailabilityGuard] [system/00000000] DatabaseId{00000000[system]} is unavailable.
2025-02-05 09:52:14.313+0000 WARN  [o.n.k.i.s.MetaDataStore] [system/00000000] Missing counts store, rebuilding it.
2025-02-05 09:52:14.322+0000 WARN  [o.n.k.i.s.MetaDataStore] [system/00000000] Counts store rebuild completed.
2025-02-05 09:52:14.330+0000 WARN  [o.n.k.i.t.l.f.LogFileChannelNativeAccessor] [system/00000000] Error on attempt to preallocate log file version: 0. Error: ErrorCode=-1, errorMessage='Incorrect file descriptor.'
2025-02-05 09:52:14.347+0000 INFO  [o.n.k.d.Database] [system/00000000] Starting transaction log [/data/transactions/system/neostore.transaction.db.0] at version=0
2025-02-05 09:52:14.370+0000 WARN  [o.n.k.i.t.l.f.c.CheckpointFileChannelNativeAccessor] [system/00000000] Error on attempt to preallocate log file version: 0. Error: ErrorCode=-1, errorMessage='Incorrect file descriptor.'
2025-02-05 09:52:14.381+0000 INFO  [o.n.k.d.Database] [system/00000000] Starting transaction log [/data/transactions/system/checkpoint.0] at version=0
2025-02-05 09:52:14.395+0000 WARN  [o.n.k.i.t.l.f.c.CheckpointFileChannelNativeAccessor] [system/00000000] Unable to advise sequential access for transaction log version: 0. Error: ErrorCode=-1, errorMessage='Incorrect file descriptor.'
2025-02-05 09:52:14.396+0000 WARN  [o.n.k.i.t.l.f.c.CheckpointFileChannelNativeAccessor] [system/00000000] Unable to advise preserve data in cache for transaction log version: 0. Error: ErrorCode=-1, errorMessage='Incorrect file descriptor.'
2025-02-05 09:52:14.398+0000 INFO  [o.n.k.i.t.l.f.c.CheckpointLogFile] [system/00000000] Scanning log file with version 0 for checkpoint entries
2025-02-05 09:52:14.398+0000 WARN  [o.n.k.i.t.l.f.c.CheckpointFileChannelNativeAccessor] [system/00000000] Unable to evict transaction log from cache with version: 0. Error: ErrorCode=-1, errorMessage='Incorrect file descriptor.'
2025-02-05 09:52:14.400+0000 WARN  [o.n.k.i.t.l.f.LogFileChannelNativeAccessor] [system/00000000] Unable to advise sequential access for transaction log version: 0. Error: ErrorCode=-1, errorMessage='Incorrect file descriptor.'
2025-02-05 09:52:14.400+0000 WARN  [o.n.k.i.t.l.f.LogFileChannelNativeAccessor] [system/00000000] Unable to advise preserve data in cache for transaction log version: 0. Error: ErrorCode=-1, errorMessage='Incorrect file descriptor.'
2025-02-05 09:52:14.403+0000 WARN  [o.n.k.i.t.l.f.LogFileChannelNativeAccessor] [system/00000000] Unable to advise sequential access for transaction log version: 0. Error: ErrorCode=-1, errorMessage='Incorrect file descriptor.'
2025-02-05 09:52:14.403+0000 WARN  [o.n.k.i.t.l.f.LogFileChannelNativeAccessor] [system/00000000] Unable to advise preserve data in cache for transaction log version: 0. Error: ErrorCode=-1, errorMessage='Incorrect file descriptor.'
2025-02-05 09:52:14.404+0000 WARN  [o.n.k.i.t.l.f.LogFileChannelNativeAccessor] [system/00000000] Unable to evict transaction log from cache with version: 0. Error: ErrorCode=-1, errorMessage='Incorrect file descriptor.'
2025-02-05 09:52:14.404+0000 WARN  [o.n.k.i.t.l.f.LogFileChannelNativeAccessor] [system/00000000] Unable to evict transaction log from cache with version: 0. Error: ErrorCode=-1, errorMessage='Incorrect file descriptor.'
2025-02-05 09:52:14.419+0000 INFO  [o.n.k.a.DatabaseAvailabilityGuard] [system/00000000] Fulfilling of requirement 'Database unavailable' makes database system available.
2025-02-05 09:52:14.424+0000 INFO  [o.n.k.a.DatabaseAvailabilityGuard] [system/00000000] DatabaseId{00000000[system]} is ready.
2025-02-05 09:52:14.641+0000 INFO  [o.n.k.i.a.i.IndexPopulationJob] [system/00000000] Index population started: [Index( id=2, name='index_f7700477', type='LOOKUP', schema=()-[:<any-types>]-(), indexProvider='token-lookup-1.0' )]
2025-02-05 09:52:14.747+0000 INFO  [o.n.k.i.a.i.IndexPopulationJob] [system/00000000] Index creation finished for index [Index( id=2, name='index_f7700477', type='LOOKUP', schema=()-[:<any-types>]-(), indexProvider='token-lookup-1.0' )].
2025-02-05 09:52:14.789+0000 INFO  [o.n.k.i.a.i.IndexPopulationJob] [system/00000000] Index population started: [Index( id=1, name='index_343aff4e', type='LOOKUP', schema=(:<any-labels>), indexProvider='token-lookup-1.0' )]
2025-02-05 09:52:14.830+0000 INFO  [o.n.k.i.a.i.IndexPopulationJob] [system/00000000] Index creation finished for index [Index( id=1, name='index_343aff4e', type='LOOKUP', schema=(:<any-labels>), indexProvider='token-lookup-1.0' )].
2025-02-05 09:52:14.857+0000 INFO  [o.n.k.i.t.l.c.CheckPointerImpl] [system/00000000] Checkpoint triggered by "Database init completed." @ txId: 3, append index: 3 checkpoint started...
2025-02-05 09:52:15.200+0000 INFO  [o.n.k.i.t.l.c.CheckPointerImpl] [system/00000000] Checkpoint triggered by "Database init completed." @ txId: 3, append index: 3 checkpoint completed in 341ms. Checkpoint flushed 74 pages (0% of total available pages), in 57 IOs. Checkpoint performed with IO limit: unlimited, paused in total 0 times( 0 millis).
2025-02-05 09:52:15.204+0000 INFO  [o.n.k.i.t.l.p.LogPruningImpl] [system/00000000] No log version pruned. The strategy used was '2 days'. 
2025-02-05 09:52:15.383+0000 INFO  [o.n.k.i.a.i.IndexPopulationJob] [system/00000000] Index population started: [Index( id=3, name='constraint_798238d6', type='RANGE', schema=(:DatabaseName {name, namespace}), indexProvider='range-1.0' )]
2025-02-05 09:52:15.491+0000 INFO  [o.n.k.i.a.i.IndexPopulationJob] [system/00000000] Index creation finished for index [Index( id=3, name='constraint_798238d6', type='RANGE', schema=(:DatabaseName {name, namespace}), indexProvider='range-1.0' )].
2025-02-05 09:52:15.535+0000 INFO  [o.n.k.i.a.i.IndexPopulationJob] [system/00000000] Index population started: [Index( id=4, name='constraint_8014b60a', type='RANGE', schema=(:Database {name}), indexProvider='range-1.0' )]
2025-02-05 09:52:15.574+0000 INFO  [o.n.k.i.a.i.IndexPopulationJob] [system/00000000] Index creation finished for index [Index( id=4, name='constraint_8014b60a', type='RANGE', schema=(:Database {name}), indexProvider='range-1.0' )].
2025-02-05 09:52:15.625+0000 INFO  [o.n.k.i.a.i.IndexingService] [system/00000000] Constraint Index( id=3, name='constraint_798238d6', type='RANGE', schema=(:Label[1] {PropertyKey[11], PropertyKey[12]}), indexProvider='range-1.0' ) is ONLINE.
2025-02-05 09:52:15.626+0000 INFO  [o.n.k.i.a.i.IndexingService] [system/00000000] Constraint Index( id=4, name='constraint_8014b60a', type='RANGE', schema=(:Label[2] {PropertyKey[11]}), indexProvider='range-1.0' ) is ONLINE.
2025-02-05 09:52:15.878+0000 INFO  [o.n.k.i.a.i.IndexPopulationJob] [system/00000000] Index population started: [Index( id=7, name='constraint_5789ae3', type='RANGE', schema=(:User {name}), indexProvider='range-1.0' )]
2025-02-05 09:52:15.905+0000 INFO  [o.n.k.i.a.i.IndexPopulationJob] [system/00000000] Index creation finished for index [Index( id=7, name='constraint_5789ae3', type='RANGE', schema=(:User {name}), indexProvider='range-1.0' )].
2025-02-05 09:52:15.939+0000 INFO  [o.n.k.i.a.i.IndexPopulationJob] [system/00000000] Index population started: [Index( id=8, name='constraint_74fad970', type='RANGE', schema=(:User {id}), indexProvider='range-1.0' )]
2025-02-05 09:52:15.965+0000 INFO  [o.n.k.i.a.i.IndexPopulationJob] [system/00000000] Index creation finished for index [Index( id=8, name='constraint_74fad970', type='RANGE', schema=(:User {id}), indexProvider='range-1.0' )].
2025-02-05 09:52:16.015+0000 INFO  [o.n.k.i.a.i.IndexPopulationJob] [system/00000000] Index population started: [Index( id=9, name='auth-constraint', type='RANGE', schema=(:Auth {provider, id}), indexProvider='range-1.0' )]
2025-02-05 09:52:16.420+0000 INFO  [o.n.k.i.a.i.IndexPopulationJob] [system/00000000] Index creation finished for index [Index( id=9, name='auth-constraint', type='RANGE', schema=(:Auth {provider, id}), indexProvider='range-1.0' )].
2025-02-05 09:52:16.448+0000 INFO  [o.n.k.i.a.i.IndexingService] [system/00000000] Constraint Index( id=7, name='constraint_5789ae3', type='RANGE', schema=(:Label[3] {PropertyKey[11]}), indexProvider='range-1.0' ) is ONLINE.
2025-02-05 09:52:16.449+0000 INFO  [o.n.k.i.a.i.IndexingService] [system/00000000] Constraint Index( id=8, name='constraint_74fad970', type='RANGE', schema=(:Label[3] {PropertyKey[27]}), indexProvider='range-1.0' ) is ONLINE.
2025-02-05 09:52:16.449+0000 INFO  [o.n.k.i.a.i.IndexingService] [system/00000000] Constraint Index( id=9, name='auth-constraint', type='RANGE', schema=(:Label[4] {PropertyKey[28], PropertyKey[27]}), indexProvider='range-1.0' ) is ONLINE.
2025-02-05 09:52:16.454+0000 INFO  [o.n.s.s.s.UserSecurityGraphComponent] Initializing system graph model for component 'security-users' with version -1 and status UNINITIALIZED
2025-02-05 09:52:16.467+0000 INFO  [o.n.s.s.s.UserSecurityGraphComponent] Setting up initial user from `auth.ini` file: neo4j
2025-02-05 09:52:16.469+0000 INFO  [o.n.s.s.a.CommunitySecurityModule] CREATE USER neo4j PASSWORD ****** CHANGE NOT REQUIRED
2025-02-05 09:52:16.528+0000 INFO  [o.n.s.s.s.UserSecurityGraphComponent] Setting version for 'security-users' to 5
2025-02-05 09:52:16.541+0000 INFO  [o.n.s.s.s.UserSecurityGraphComponent] After initialization of system graph model component 'security-users' have version 5 and status CURRENT
2025-02-05 09:52:16.558+0000 INFO  [o.n.s.s.s.UserSecurityGraphComponent] Performing postInitialization step for component 'security-users' with version 5 and status CURRENT
2025-02-05 09:52:16.564+0000 INFO  [o.n.d.d.DatabaseLifecycles] Creating 'DatabaseId{2f78ad65[neo4j]}'.
2025-02-05 09:52:16.570+0000 INFO  [o.n.d.d.DatabaseLifecycles] Starting 'DatabaseId{2f78ad65[neo4j]}'.
2025-02-05 09:52:16.598+0000 INFO  [o.n.k.i.s.f.RecordFormatSelector] [neo4j/2f78ad65] Selected configured format for store /data/databases/neo4j: RecordFormat:PageAlignedV5_0[aligned-1.1]
2025-02-05 09:52:16.846+0000 INFO  [o.n.i.d.DiagnosticsManager] [neo4j/2f78ad65] 
                                                                [neo4j/2f78ad65] ********************************************************************************
                                                                [neo4j/2f78ad65]                               [ Database: neo4j ]                               
                                                                [neo4j/2f78ad65] ********************************************************************************
                                                                [neo4j/2f78ad65] --------------------------------------------------------------------------------
                                                                [neo4j/2f78ad65]                                   [ Version ]                                   
                                                                [neo4j/2f78ad65] --------------------------------------------------------------------------------
                                                                [neo4j/2f78ad65] DBMS: community record-aligned-1.1
                                                                [neo4j/2f78ad65] Kernel version: 5.26.1
                                                                [neo4j/2f78ad65] 
                                                                [neo4j/2f78ad65] --------------------------------------------------------------------------------
                                                                [neo4j/2f78ad65]                                 [ Store files ]                                 
                                                                [neo4j/2f78ad65] --------------------------------------------------------------------------------
                                                                [neo4j/2f78ad65] Disk space on partition (Total / Free / Free %): 119013953536 / 14906929152 / 12
                                                                [neo4j/2f78ad65] Storage files stored on file store: 9p
                                                                [neo4j/2f78ad65] Storage files: (filename : modification date - size)
                                                                [neo4j/2f78ad65]   neostore: 2025-02-05 09:52:16.768+0000 - 8.000KiB
                                                                [neo4j/2f78ad65]   neostore.counts.db: 2025-02-05 09:52:16.776+0000 - 0B
                                                                [neo4j/2f78ad65]   neostore.indexstats.db: 2025-02-05 09:52:16.790+0000 - 0B
                                                                [neo4j/2f78ad65]   neostore.labeltokenstore.db: 2025-02-05 09:52:16.717+0000 - 0B
                                                                [neo4j/2f78ad65]   neostore.labeltokenstore.db.id: 2025-02-05 09:52:16.714+0000 - 0B
                                                                [neo4j/2f78ad65]   neostore.labeltokenstore.db.names: 2025-02-05 09:52:16.702+0000 - 8.000KiB
                                                                [neo4j/2f78ad65]   neostore.labeltokenstore.db.names.id: 2025-02-05 09:52:16.690+0000 - 0B
                                                                [neo4j/2f78ad65]   neostore.nodestore.db: 2025-02-05 09:52:16.620+0000 - 0B
                                                                [neo4j/2f78ad65]   neostore.nodestore.db.id: 2025-02-05 09:52:16.618+0000 - 0B
                                                                [neo4j/2f78ad65]   neostore.nodestore.db.labels: 2025-02-05 09:52:16.603+0000 - 8.000KiB
                                                                [neo4j/2f78ad65]   neostore.nodestore.db.labels.id: 2025-02-05 09:52:16.598+0000 - 0B
                                                                [neo4j/2f78ad65]   neostore.propertystore.db: 2025-02-05 09:52:16.662+0000 - 0B
                                                                [neo4j/2f78ad65]   neostore.propertystore.db.arrays: 2025-02-05 09:52:16.655+0000 - 8.000KiB
                                                                [neo4j/2f78ad65]   neostore.propertystore.db.arrays.id: 2025-02-05 09:52:16.652+0000 - 0B
                                                                [neo4j/2f78ad65]   neostore.propertystore.db.id: 2025-02-05 09:52:16.660+0000 - 0B
                                                                [neo4j/2f78ad65]   neostore.propertystore.db.index: 2025-02-05 09:52:16.640+0000 - 0B
                                                                [neo4j/2f78ad65]   neostore.propertystore.db.index.id: 2025-02-05 09:52:16.638+0000 - 0B
                                                                [neo4j/2f78ad65]   neostore.propertystore.db.index.keys: 2025-02-05 09:52:16.625+0000 - 8.000KiB
                                                                [neo4j/2f78ad65]   neostore.propertystore.db.index.keys.id: 2025-02-05 09:52:16.623+0000 - 0B
                                                                [neo4j/2f78ad65]   neostore.propertystore.db.strings: 2025-02-05 09:52:16.648+0000 - 8.000KiB
                                                                [neo4j/2f78ad65]   neostore.propertystore.db.strings.id: 2025-02-05 09:52:16.643+0000 - 0B
                                                                [neo4j/2f78ad65]   neostore.relationshipgroupstore.db: 2025-02-05 09:52:16.747+0000 - 8.000KiB
                                                                [neo4j/2f78ad65]   neostore.relationshipgroupstore.db.id: 2025-02-05 09:52:16.742+0000 - 0B
                                                                [neo4j/2f78ad65]   neostore.relationshipgroupstore.degrees.db: 2025-02-05 09:52:16.784+0000 - 0B
                                                                [neo4j/2f78ad65]   neostore.relationshipstore.db: 2025-02-05 09:52:16.668+0000 - 0B
                                                                [neo4j/2f78ad65]   neostore.relationshipstore.db.id: 2025-02-05 09:52:16.665+0000 - 0B
                                                                [neo4j/2f78ad65]   neostore.relationshiptypestore.db: 2025-02-05 09:52:16.688+0000 - 0B
                                                                [neo4j/2f78ad65]   neostore.relationshiptypestore.db.id: 2025-02-05 09:52:16.685+0000 - 0B
                                                                [neo4j/2f78ad65]   neostore.relationshiptypestore.db.names: 2025-02-05 09:52:16.674+0000 - 8.000KiB
                                                                [neo4j/2f78ad65]   neostore.relationshiptypestore.db.names.id: 2025-02-05 09:52:16.671+0000 - 0B
                                                                [neo4j/2f78ad65]   neostore.schemastore.db: 2025-02-05 09:52:16.724+0000 - 8.000KiB
                                                                [neo4j/2f78ad65]   neostore.schemastore.db.id: 2025-02-05 09:52:16.721+0000 - 0B
                                                                [neo4j/2f78ad65] Storage summary: 
                                                                [neo4j/2f78ad65]   Total size of store: 72.00KiB
                                                                [neo4j/2f78ad65]   Total size of mapped files: 72.00KiB
                                                                [neo4j/2f78ad65] 
                                                                [neo4j/2f78ad65] --------------------------------------------------------------------------------
                                                                [neo4j/2f78ad65]                               [ Transaction log ]                               
                                                                [neo4j/2f78ad65] --------------------------------------------------------------------------------
                                                                [neo4j/2f78ad65] Transaction log files stored on file store: 9p
                                                                [neo4j/2f78ad65] Transaction log metadata:
                                                                [neo4j/2f78ad65]  - current kernel version used in transactions: V5_25
                                                                [neo4j/2f78ad65]  - last committed transaction id: 1
                                                                [neo4j/2f78ad65] Transaction log files:
                                                                [neo4j/2f78ad65]  - existing transaction log versions: -1--1
                                                                [neo4j/2f78ad65]  - no transactions found
                                                                [neo4j/2f78ad65] Checkpoint log files:
                                                                [neo4j/2f78ad65]  - existing checkpoint log versions: -1--1
                                                                [neo4j/2f78ad65]  - no checkpoints found
                                                                [neo4j/2f78ad65] 
                                                                [neo4j/2f78ad65] --------------------------------------------------------------------------------
                                                                [neo4j/2f78ad65]                                   [ Id usage ]                                  
                                                                [neo4j/2f78ad65] --------------------------------------------------------------------------------
                                                                [neo4j/2f78ad65] ArrayPropertyStore[neostore.nodestore.db.labels]: used=1 high=0
                                                                [neo4j/2f78ad65] NodeStore[neostore.nodestore.db]: used=0 high=-1
                                                                [neo4j/2f78ad65] StringPropertyStore[neostore.propertystore.db.index.keys]: used=1 high=0
                                                                [neo4j/2f78ad65] PropertyIndexStore[neostore.propertystore.db.index]: used=0 high=-1
                                                                [neo4j/2f78ad65] StringPropertyStore[neostore.propertystore.db.strings]: used=1 high=0
                                                                [neo4j/2f78ad65] ArrayPropertyStore[neostore.propertystore.db.arrays]: used=1 high=0
                                                                [neo4j/2f78ad65] PropertyStore[neostore.propertystore.db]: used=0 high=-1
                                                                [neo4j/2f78ad65] RelationshipStore[neostore.relationshipstore.db]: used=0 high=-1
                                                                [neo4j/2f78ad65] StringPropertyStore[neostore.relationshiptypestore.db.names]: used=1 high=0
                                                                [neo4j/2f78ad65] RelationshipTypeStore[neostore.relationshiptypestore.db]: used=0 high=-1
                                                                [neo4j/2f78ad65] StringPropertyStore[neostore.labeltokenstore.db.names]: used=1 high=0
                                                                [neo4j/2f78ad65] LabelTokenStore[neostore.labeltokenstore.db]: used=0 high=-1
                                                                [neo4j/2f78ad65] SchemaStore[neostore.schemastore.db]: used=1 high=0
                                                                [neo4j/2f78ad65] RelationshipGroupStore[neostore.relationshipgroupstore.db]: used=1 high=0
                                                                [neo4j/2f78ad65] NeoStore[neostore]: used=-1 high=-1
                                                                [neo4j/2f78ad65] 
                                                                [neo4j/2f78ad65] --------------------------------------------------------------------------------
                                                                [neo4j/2f78ad65]                                   [ Metadata ]                                  
                                                                [neo4j/2f78ad65] --------------------------------------------------------------------------------
                                                                [neo4j/2f78ad65] EXTERNAL_STORE_UUID (Database identifier exposed as external store identity. Generated on creation and never updated): c7a568ce-0d86-4055-baee-5b067fb96fe8
                                                                [neo4j/2f78ad65] DATABASE_ID (The last used DatabaseId for this database): null
                                                                [neo4j/2f78ad65] LEGACY_STORE_VERSION (Legacy store format version. This field is used from 5.0 onwards only to distinguish non-migrated pre 5.0 metadata stores.): -3523014627327384477
                                                                [neo4j/2f78ad65] STORE_ID (Store ID): StoreId{creationTime=1738749136768, random=-4933030458438403392, storageEngineName='record', formatName='aligned', majorVersion=1, minorVersion=1}
                                                                [neo4j/2f78ad65] 
2025-02-05 09:52:16.857+0000 INFO  [o.n.k.a.DatabaseAvailabilityGuard] [neo4j/2f78ad65] Requirement `Database unavailable` makes database neo4j unavailable.
2025-02-05 09:52:16.857+0000 INFO  [o.n.k.a.DatabaseAvailabilityGuard] [neo4j/2f78ad65] DatabaseId{2f78ad65[neo4j]} is unavailable.
2025-02-05 09:52:16.864+0000 WARN  [o.n.k.i.s.MetaDataStore] [neo4j/2f78ad65] Missing counts store, rebuilding it.
2025-02-05 09:52:16.864+0000 WARN  [o.n.k.i.s.MetaDataStore] [neo4j/2f78ad65] Counts store rebuild completed.
2025-02-05 09:52:16.867+0000 WARN  [o.n.k.i.t.l.f.LogFileChannelNativeAccessor] [neo4j/2f78ad65] Error on attempt to preallocate log file version: 0. Error: ErrorCode=-1, errorMessage='Incorrect file descriptor.'
2025-02-05 09:52:16.873+0000 INFO  [o.n.k.d.Database] [neo4j/2f78ad65] Starting transaction log [/data/transactions/neo4j/neostore.transaction.db.0] at version=0
2025-02-05 09:52:16.884+0000 WARN  [o.n.k.i.t.l.f.c.CheckpointFileChannelNativeAccessor] [neo4j/2f78ad65] Error on attempt to preallocate log file version: 0. Error: ErrorCode=-1, errorMessage='Incorrect file descriptor.'
2025-02-05 09:52:16.889+0000 INFO  [o.n.k.d.Database] [neo4j/2f78ad65] Starting transaction log [/data/transactions/neo4j/checkpoint.0] at version=0
2025-02-05 09:52:16.904+0000 WARN  [o.n.k.i.t.l.f.c.CheckpointFileChannelNativeAccessor] [neo4j/2f78ad65] Unable to advise sequential access for transaction log version: 0. Error: ErrorCode=-1, errorMessage='Incorrect file descriptor.'
2025-02-05 09:52:16.904+0000 WARN  [o.n.k.i.t.l.f.c.CheckpointFileChannelNativeAccessor] [neo4j/2f78ad65] Unable to advise preserve data in cache for transaction log version: 0. Error: ErrorCode=-1, errorMessage='Incorrect file descriptor.'
2025-02-05 09:52:16.905+0000 INFO  [o.n.k.i.t.l.f.c.CheckpointLogFile] [neo4j/2f78ad65] Scanning log file with version 0 for checkpoint entries
2025-02-05 09:52:16.906+0000 WARN  [o.n.k.i.t.l.f.c.CheckpointFileChannelNativeAccessor] [neo4j/2f78ad65] Unable to evict transaction log from cache with version: 0. Error: ErrorCode=-1, errorMessage='Incorrect file descriptor.'
2025-02-05 09:52:16.907+0000 WARN  [o.n.k.i.t.l.f.LogFileChannelNativeAccessor] [neo4j/2f78ad65] Unable to advise sequential access for transaction log version: 0. Error: ErrorCode=-1, errorMessage='Incorrect file descriptor.'
2025-02-05 09:52:16.908+0000 WARN  [o.n.k.i.t.l.f.LogFileChannelNativeAccessor] [neo4j/2f78ad65] Unable to advise preserve data in cache for transaction log version: 0. Error: ErrorCode=-1, errorMessage='Incorrect file descriptor.'
2025-02-05 09:52:16.911+0000 WARN  [o.n.k.i.t.l.f.LogFileChannelNativeAccessor] [neo4j/2f78ad65] Unable to advise sequential access for transaction log version: 0. Error: ErrorCode=-1, errorMessage='Incorrect file descriptor.'
2025-02-05 09:52:16.912+0000 WARN  [o.n.k.i.t.l.f.LogFileChannelNativeAccessor] [neo4j/2f78ad65] Unable to advise preserve data in cache for transaction log version: 0. Error: ErrorCode=-1, errorMessage='Incorrect file descriptor.'
2025-02-05 09:52:16.912+0000 WARN  [o.n.k.i.t.l.f.LogFileChannelNativeAccessor] [neo4j/2f78ad65] Unable to evict transaction log from cache with version: 0. Error: ErrorCode=-1, errorMessage='Incorrect file descriptor.'
2025-02-05 09:52:16.912+0000 WARN  [o.n.k.i.t.l.f.LogFileChannelNativeAccessor] [neo4j/2f78ad65] Unable to evict transaction log from cache with version: 0. Error: ErrorCode=-1, errorMessage='Incorrect file descriptor.'
2025-02-05 09:52:16.917+0000 INFO  [o.n.k.a.DatabaseAvailabilityGuard] [neo4j/2f78ad65] Fulfilling of requirement 'Database unavailable' makes database neo4j available.
2025-02-05 09:52:16.918+0000 INFO  [o.n.k.a.DatabaseAvailabilityGuard] [neo4j/2f78ad65] DatabaseId{2f78ad65[neo4j]} is ready.
2025-02-05 09:52:16.938+0000 INFO  [o.n.k.i.a.i.IndexPopulationJob] [neo4j/2f78ad65] Index population started: [Index( id=2, name='index_f7700477', type='LOOKUP', schema=()-[:<any-types>]-(), indexProvider='token-lookup-1.0' )]
2025-02-05 09:52:16.976+0000 INFO  [o.n.k.i.a.i.IndexPopulationJob] [neo4j/2f78ad65] Index creation finished for index [Index( id=2, name='index_f7700477', type='LOOKUP', schema=()-[:<any-types>]-(), indexProvider='token-lookup-1.0' )].
2025-02-05 09:52:16.994+0000 INFO  [o.n.k.i.a.i.IndexPopulationJob] [neo4j/2f78ad65] Index population started: [Index( id=1, name='index_343aff4e', type='LOOKUP', schema=(:<any-labels>), indexProvider='token-lookup-1.0' )]
2025-02-05 09:52:17.025+0000 INFO  [o.n.k.i.a.i.IndexPopulationJob] [neo4j/2f78ad65] Index creation finished for index [Index( id=1, name='index_343aff4e', type='LOOKUP', schema=(:<any-labels>), indexProvider='token-lookup-1.0' )].
2025-02-05 09:52:17.042+0000 INFO  [o.n.k.i.t.l.c.CheckPointerImpl] [neo4j/2f78ad65] Checkpoint triggered by "Database init completed." @ txId: 3, append index: 3 checkpoint started...
2025-02-05 09:52:17.391+0000 INFO  [o.n.k.i.t.l.c.CheckPointerImpl] [neo4j/2f78ad65] Checkpoint triggered by "Database init completed." @ txId: 3, append index: 3 checkpoint completed in 348ms. Checkpoint flushed 74 pages (0% of total available pages), in 57 IOs. Checkpoint performed with IO limit: unlimited, paused in total 0 times( 0 millis).
2025-02-05 09:52:17.392+0000 INFO  [o.n.k.i.t.l.p.LogPruningImpl] [neo4j/2f78ad65] No log version pruned. The strategy used was '2 days'. 
2025-02-05 09:52:17.394+0000 INFO  [o.n.u.UserDataCollector] Anonymous Usage Data is being sent to Neo4j, see https://neo4j.com/docs/usage-data/
2025-02-05 09:52:17.447+0000 INFO  [o.n.b.p.c.c.n.SocketNettyConnector] Bolt enabled on 0.0.0.0:7687.
2025-02-05 09:52:17.450+0000 WARN  [i.n.b.ServerBootstrap] Unknown channel option 'SO_REUSEADDR' for channel '[id: 0x42fac01e]'
2025-02-05 09:52:17.458+0000 INFO  [o.n.b.BoltServer] Bolt server started
2025-02-05 09:52:17.459+0000 INFO  [o.n.s.A.ServerComponentsLifecycleAdapter] Starting web server
2025-02-05 09:52:18.305+0000 INFO  [o.n.s.CommunityNeoWebServer] HTTP enabled on 0.0.0.0:7474.
2025-02-05 09:52:18.316+0000 INFO  [o.n.s.CommunityNeoWebServer] Remote interface available at http://localhost:7474/
2025-02-05 09:52:18.316+0000 INFO  [o.n.s.A.ServerComponentsLifecycleAdapter] Web server started.
2025-02-05 09:52:18.320+0000 INFO  [o.n.g.f.DatabaseManagementServiceFactory] id: F46FDE636ABD15BF1086EFF8374EC6F84607B1836450B8C535ECE90DB863A6E3
2025-02-05 09:52:18.321+0000 INFO  [o.n.g.f.DatabaseManagementServiceFactory] name: system
2025-02-05 09:52:18.322+0000 INFO  [o.n.g.f.DatabaseManagementServiceFactory] creationDate: 2025-02-05T09:52:13.969Z
2025-02-05 09:52:55.687+0000 INFO  [o.n.g.f.DatabaseManagementServiceFactory] Shutdown started
2025-02-05 09:52:55.712+0000 INFO  [o.n.b.BoltServer] Requested Bolt server shutdown
2025-02-05 09:52:55.713+0000 INFO  [o.n.b.p.c.c.ConnectionRegistry] Stopping remaining idle connections for connector bolt-local
2025-02-05 09:52:55.714+0000 INFO  [o.n.b.p.c.c.ConnectionRegistry] Stopped 0 idling connections for connector bolt-local
2025-02-05 09:52:55.715+0000 INFO  [o.n.b.p.c.c.ConnectionRegistry] Stopping remaining idle connections for connector bolt
2025-02-05 09:52:55.716+0000 INFO  [o.n.b.p.c.c.ConnectionRegistry] Stopped 0 idling connections for connector bolt
2025-02-05 09:52:55.717+0000 INFO  [o.n.d.d.DatabaseLifecycles] Stopping 'DatabaseId{2f78ad65[neo4j]}'.
2025-02-05 09:52:55.726+0000 INFO  [o.n.k.a.DatabaseAvailabilityGuard] [neo4j/2f78ad65] Requirement `Database unavailable` makes database neo4j unavailable.
2025-02-05 09:52:55.726+0000 INFO  [o.n.k.a.DatabaseAvailabilityGuard] [neo4j/2f78ad65] DatabaseId{2f78ad65[neo4j]} is unavailable.
2025-02-05 09:52:55.728+0000 INFO  [o.n.k.d.Database] [neo4j/2f78ad65] Waiting for closing transactions.
2025-02-05 09:52:55.730+0000 INFO  [o.n.k.d.Database] [neo4j/2f78ad65] All transactions are closed.
2025-02-05 09:52:55.730+0000 INFO  [o.n.k.i.t.l.c.CheckPointerImpl] [neo4j/2f78ad65] Checkpoint triggered by "Database shutdown" @ txId: 3, append index: 3 checkpoint started...
2025-02-05 09:52:55.843+0000 INFO  [o.n.k.i.t.l.c.CheckPointerImpl] [neo4j/2f78ad65] Checkpoint triggered by "Database shutdown" @ txId: 3, append index: 3 checkpoint completed in 112ms. Checkpoint flushed 22 pages (0% of total available pages), in 22 IOs. Checkpoint performed with IO limit: unlimited, paused in total 0 times( 0 millis).
2025-02-05 09:52:55.844+0000 INFO  [o.n.k.i.t.l.p.LogPruningImpl] [neo4j/2f78ad65] No log version pruned. The strategy used was '2 days'. 
2025-02-05 09:52:55.887+0000 WARN  [o.n.k.i.t.l.f.c.CheckpointFileChannelNativeAccessor] [neo4j/2f78ad65] Unable to evict transaction log from cache with version: 0. Error: ErrorCode=-1, errorMessage='Incorrect file descriptor.'
2025-02-05 09:52:55.892+0000 WARN  [o.n.k.i.t.l.f.LogFileChannelNativeAccessor] [neo4j/2f78ad65] Unable to evict transaction log from cache with version: 0. Error: ErrorCode=-1, errorMessage='Incorrect file descriptor.'
2025-02-05 09:52:56.027+0000 INFO  [o.n.d.d.DatabaseLifecycles] Stopped 'DatabaseId{2f78ad65[neo4j]}' successfully.
2025-02-05 09:52:56.027+0000 INFO  [o.n.d.d.DatabaseLifecycles] Stopping 'DatabaseId{00000000[system]}'.
2025-02-05 09:52:56.028+0000 INFO  [o.n.k.a.DatabaseAvailabilityGuard] [system/00000000] Requirement `Database unavailable` makes database system unavailable.
2025-02-05 09:52:56.029+0000 INFO  [o.n.k.a.DatabaseAvailabilityGuard] [system/00000000] DatabaseId{00000000[system]} is unavailable.
2025-02-05 09:52:56.031+0000 INFO  [o.n.k.d.Database] [system/00000000] Waiting for closing transactions.
2025-02-05 09:52:56.032+0000 INFO  [o.n.k.d.Database] [system/00000000] All transactions are closed.
2025-02-05 09:52:56.032+0000 INFO  [o.n.k.i.t.l.c.CheckPointerImpl] [system/00000000] Checkpoint triggered by "Database shutdown" @ txId: 41, append index: 41 checkpoint started...
2025-02-05 09:52:56.277+0000 INFO  [o.n.k.i.t.l.c.CheckPointerImpl] [system/00000000] Checkpoint triggered by "Database shutdown" @ txId: 41, append index: 41 checkpoint completed in 243ms. Checkpoint flushed 73 pages (0% of total available pages), in 73 IOs. Checkpoint performed with IO limit: unlimited, paused in total 0 times( 0 millis).
2025-02-05 09:52:56.278+0000 INFO  [o.n.k.i.t.l.p.LogPruningImpl] [system/00000000] No log version pruned. The strategy used was '2 days'. 
2025-02-05 09:52:56.367+0000 WARN  [o.n.k.i.t.l.f.c.CheckpointFileChannelNativeAccessor] [system/00000000] Unable to evict transaction log from cache with version: 0. Error: ErrorCode=-1, errorMessage='Incorrect file descriptor.'
2025-02-05 09:52:56.371+0000 WARN  [o.n.k.i.t.l.f.LogFileChannelNativeAccessor] [system/00000000] Unable to evict transaction log from cache with version: 0. Error: ErrorCode=-1, errorMessage='Incorrect file descriptor.'
2025-02-05 09:52:56.727+0000 INFO  [o.n.d.d.DatabaseLifecycles] Stopped 'DatabaseId{00000000[system]}' successfully.
2025-02-05 09:52:56.736+0000 INFO  [o.n.b.BoltServer] Shutting down Bolt server
2025-02-05 09:53:01.757+0000 INFO  [o.n.b.p.c.c.ConnectionRegistry] Stopping 0 connections for connector bolt-local
2025-02-05 09:53:01.758+0000 INFO  [o.n.b.p.c.c.ConnectionRegistry] Stopped all remaining connections for connector bolt-local
2025-02-05 09:53:01.759+0000 INFO  [o.n.b.p.c.c.ConnectionRegistry] Stopping 0 connections for connector bolt
2025-02-05 09:53:01.759+0000 INFO  [o.n.b.p.c.c.ConnectionRegistry] Stopped all remaining connections for connector bolt
2025-02-05 09:53:18.722+0000 INFO  [o.n.g.f.m.GlobalModule] Logging config in use: Embedded default config 'default-server-logs.xml'
2025-02-05 09:53:18.924+0000 WARN  [o.n.i.p.PageCache] Reflection access to java.nio.DirectByteBuffer is not available, using fallback mode. This could have negative impact on performance and memory usage. Consider adding --add-opens=java.base/java.nio=ALL-UNNAMED to VM options.
2025-02-05 09:53:19.139+0000 INFO  [o.n.i.d.DiagnosticsManager] 
                                                                ********************************************************************************
                                                                                             [ System diagnostics ]                             
                                                                ********************************************************************************
2025-02-05 09:53:19.140+0000 INFO  [o.n.i.d.DiagnosticsManager] 
                                                                --------------------------------------------------------------------------------
                                                                                         [ System memory information ]                          
                                                                --------------------------------------------------------------------------------
                                                                Total Physical memory: 7.725GiB
                                                                Free Physical memory: 2.320GiB
                                                                Committed virtual memory: 4.196GiB
                                                                Total swap space: 2.000GiB
                                                                Free swap space: 2.000GiB
                                                                
2025-02-05 09:53:19.140+0000 INFO  [o.n.i.d.DiagnosticsManager] 
                                                                --------------------------------------------------------------------------------
                                                                                           [ JVM memory information ]                           
                                                                --------------------------------------------------------------------------------
                                                                Free  memory: 993.9MiB
                                                                Total memory: 1.000GiB
                                                                Max   memory: 1.000GiB
                                                                Garbage Collector: G1 Young Generation: [G1 Eden Space, G1 Survivor Space, G1 Old Gen]
                                                                Garbage Collector: G1 Old Generation: [G1 Eden Space, G1 Survivor Space, G1 Old Gen]
                                                                Memory Pool: CodeHeap 'non-nmethods' (Non-heap memory): committed=2.438MiB, used=1.235MiB, max=5.566MiB, threshold=0B
                                                                Memory Pool: Metaspace (Non-heap memory): committed=21.81MiB, used=21.48MiB, max=-1B, threshold=0B
                                                                Memory Pool: CodeHeap 'profiled nmethods' (Non-heap memory): committed=4.500MiB, used=4.481MiB, max=117.2MiB, threshold=0B
                                                                Memory Pool: Compressed Class Space (Non-heap memory): committed=2.500MiB, used=2.311MiB, max=1.000GiB, threshold=0B
                                                                Memory Pool: G1 Eden Space (Heap memory): committed=144.0MiB, used=3.000MiB, max=-1B, threshold=?
                                                                Memory Pool: G1 Old Gen (Heap memory): committed=878.0MiB, used=25.41MiB, max=1.000GiB, threshold=0B
                                                                Memory Pool: G1 Survivor Space (Heap memory): committed=2.000MiB, used=1.708MiB, max=-1B, threshold=?
                                                                Memory Pool: CodeHeap 'non-profiled nmethods' (Non-heap memory): committed=2.438MiB, used=1.229MiB, max=117.2MiB, threshold=0B
                                                                
2025-02-05 09:53:19.140+0000 INFO  [o.n.i.d.DiagnosticsManager] 
                                                                --------------------------------------------------------------------------------
                                                                                        [ Operating system information ]                        
                                                                --------------------------------------------------------------------------------
                                                                Operating System: Linux; version: 5.15.167.4-microsoft-standard-WSL2; arch: amd64; cpus: 4
                                                                Max number of file descriptors: 1048576
                                                                Number of open file descriptors: 255
                                                                Process id: 7
                                                                Byte order: LITTLE_ENDIAN
                                                                Local timezone: Etc/UTC
                                                                Memory page size: 4096
                                                                Unaligned memory access allowed: true
                                                                
2025-02-05 09:53:19.141+0000 INFO  [o.n.i.d.DiagnosticsManager] 
                                                                --------------------------------------------------------------------------------
                                                                                              [ JVM information ]                               
                                                                --------------------------------------------------------------------------------
                                                                VM Name: OpenJDK 64-Bit Server VM
                                                                VM Vendor: Eclipse Adoptium
                                                                VM Version: 17.0.14+7
                                                                JIT compiler: HotSpot 64-Bit Tiered Compilers
                                                                VM Arguments: [-Dfile.encoding=UTF-8, -Xms1048576k, -Xmx1048576k]
                                                                
2025-02-05 09:53:19.141+0000 INFO  [o.n.i.d.DiagnosticsManager] 
                                                                --------------------------------------------------------------------------------
                                                                                               [ Java classpath ]                               
                                                                --------------------------------------------------------------------------------
                                                                 [classpath] /var/lib/neo4j/lib/neo4j-io-5.26.1.jar
                                                                 [classpath] /var/lib/neo4j/lib/neo4j-notifications-5.26.1.jar
                                                                 [classpath] /var/lib/neo4j/lib/neo4j-csv-5.26.1.jar
                                                                 [classpath] /var/lib/neo4j/lib/grpc-core-1.68.0.jar
                                                                 [classpath] /var/lib/neo4j/lib/jackson-module-jaxb-annotations-2.18.0.jar
                                                                 [classpath] /var/lib/neo4j/lib/jaxb-runtime-2.3.2.jar
                                                                 [classpath] /var/lib/neo4j/lib/cypher-parser-factory-5.26.1.jar
                                                                 [classpath] /var/lib/neo4j/lib/netty-transport-4.1.115.Final.jar
                                                                 [classpath] /var/lib/neo4j/lib/netty-codec-http2-4.1.115.Final.jar
                                                                 [classpath] /var/lib/neo4j/lib/antlr4-runtime-4.13.2.jar
                                                                 [classpath] /var/lib/neo4j/lib/neo4j-id-generator-5.26.1.jar
                                                                 [classpath] /var/lib/neo4j/lib/netty-common-4.1.115.Final.jar
                                                                 [classpath] /var/lib/neo4j/lib/caffeine-3.1.8.jar
                                                                 [classpath] /var/lib/neo4j/lib/server-api-5.26.1.jar
                                                                 [classpath] /var/lib/neo4j/lib/magnolia_2.13-1.1.8.jar
                                                                 [classpath] /var/lib/neo4j/lib/scala-library-2.13.11.jar
                                                                 [classpath] /var/lib/neo4j/lib/neo4j-record-storage-engine-5.26.1.jar
                                                                 [classpath] /var/lib/neo4j/lib/commons-compress-1.27.1.jar
                                                                 [classpath] /var/lib/neo4j/lib/proto-google-common-protos-2.41.0.jar
                                                                 [classpath] /var/lib/neo4j/lib/protobuf-java-util-3.25.1.jar
                                                                 [classpath] /var/lib/neo4j/conf/*
                                                                 [classpath] /var/lib/neo4j/lib/parquet-column-1.14.3.jar
                                                                 [classpath] /var/lib/neo4j/lib/WMI4Java-1.6.3.jar
                                                                 [classpath] /var/lib/neo4j/lib/jakarta.xml.bind-api-2.3.2.jar
                                                                 [classpath] /var/lib/neo4j/lib/jProcesses-1.6.5.jar
                                                                 [classpath] /var/lib/neo4j/lib/neo4j-logging-5.26.1.jar
                                                                 [classpath] /var/lib/neo4j/lib/grpc-stub-1.68.0.jar
                                                                 [classpath] /var/lib/neo4j/lib/parquet-hadoop-1.14.3.jar
                                                                 [classpath] /var/lib/neo4j/lib/hk2-locator-2.6.1.jar
                                                                 [classpath] /var/lib/neo4j/lib/netty-transport-native-epoll-4.1.115.Final-linux-aarch_64.jar
                                                                 [classpath] /var/lib/neo4j/lib/neo4j-cypher-planner-spi-5.26.1.jar
                                                                 [classpath] /var/lib/neo4j/lib/parquet-format-structures-1.14.3.jar
                                                                 [classpath] /var/lib/neo4j/lib/netty-resolver-4.1.115.Final.jar
                                                                 [classpath] /var/lib/neo4j/lib/animal-sniffer-annotations-1.24.jar
                                                                 [classpath] /var/lib/neo4j/lib/jetty-alpn-server-10.0.24.jar
                                                                 [classpath] /var/lib/neo4j/lib/eclipse-collections-api-11.1.0.jar
                                                                 [classpath] /var/lib/neo4j/lib/netty-codec-socks-4.1.115.Final.jar
                                                                 [classpath] /var/lib/neo4j/lib/jetty-io-10.0.24.jar
                                                                 [classpath] /var/lib/neo4j/lib/grpc-context-1.68.0.jar
                                                                 [classpath] /var/lib/neo4j/lib/jansi-2.4.0.jar
                                                                 [classpath] /var/lib/neo4j/lib/cypher-v5-parser-listener-5.26.1.jar
                                                                 [classpath] /var/lib/neo4j/lib/neo4j-kernel-api-5.26.1.jar
                                                                 [classpath] /var/lib/neo4j/lib/jline-terminal-3.21.0.jar
                                                                 [classpath] /var/lib/neo4j/lib/ipaddress-5.5.1.jar
                                                                 [classpath] /var/lib/neo4j/lib/neo4j-layout-5.26.1.jar
                                                                 [classpath] /var/lib/neo4j/lib/lucene-queryparser-9.11.1.jar
                                                                 [classpath] /var/lib/neo4j/lib/neo4j-graphdb-api-5.26.1.jar
                                                                 [classpath] /var/lib/neo4j/lib/parquet-common-1.14.3.jar
                                                                 [classpath] /var/lib/neo4j/lib/jackson-databind-2.18.0.jar
                                                                 [classpath] /var/lib/neo4j/lib/shiro-lang-2.0.1.jar
                                                                 [classpath] /var/lib/neo4j/lib/kiama_2.13-2.5.1.jar
                                                                 [classpath] /var/lib/neo4j/lib/zstd-jni-1.5.6-6.jar
                                                                 [classpath] /var/lib/neo4j/lib/jakarta.ws.rs-api-2.1.6.jar
                                                                 [classpath] /var/lib/neo4j/lib/neo4j-unsafe-5.26.1.jar
                                                                 [classpath] /var/lib/neo4j/lib/neo4j-command-line-5.26.1.jar
                                                                 [classpath] /var/lib/neo4j/lib/neo4j-kernel-5.26.1.jar
                                                                 [classpath] /var/lib/neo4j/lib/cypher-ast-factory-5.26.1.jar
                                                                 [classpath] /var/lib/neo4j/lib/parquet-encoding-1.14.3.jar
                                                                 [classpath] /var/lib/neo4j/lib/neo4j-cypher-runtime-util-5.26.1.jar
                                                                 [classpath] /var/lib/neo4j/lib/neo4j-cypher-cache-5.26.1.jar
                                                                 [classpath] /var/lib/neo4j/lib/neo4j-monitoring-5.26.1.jar
                                                                 [classpath] /var/lib/neo4j/lib/neo4j-bootcheck-5.26.1.jar
                                                                 [classpath] /var/lib/neo4j/lib/lucene-analysis-common-9.11.1.jar
                                                                 [classpath] /var/lib/neo4j/lib/istack-commons-runtime-3.0.8.jar
                                                                 [classpath] /var/lib/neo4j/lib/neo4j-data-collector-5.26.1.jar
                                                                 [classpath] /var/lib/neo4j/lib/jetty-servlet-api-4.0.6.jar
                                                                 [classpath] /var/lib/neo4j/lib/eclipse-collections-11.1.0.jar
                                                                 [classpath] /var/lib/neo4j/lib/neo4j-token-api-5.26.1.jar
                                                                 [classpath] /var/lib/neo4j/lib/neo4j-cypher-interpreted-runtime-5.26.1.jar
                                                                 [classpath] /var/lib/neo4j/lib/neo4j-concurrent-5.26.1.jar
                                                                 [classpath] /var/lib/neo4j/lib/jetty-xml-10.0.24.jar
                                                                 [classpath] /var/lib/neo4j/lib/neo4j-cypher-slotted-runtime-5.26.1.jar
                                                                 [classpath] /var/lib/neo4j/lib/neo4j-schema-5.26.1.jar
                                                                 [classpath] /var/lib/neo4j/lib/commons-text-1.12.0.jar
                                                                 [classpath] /var/lib/neo4j/lib/neo4j-cypher-rendering-5.26.1.jar
                                                                 [classpath] /var/lib/neo4j/lib/grpc-protobuf-lite-1.68.0.jar
                                                                 [classpath] /var/lib/neo4j/lib/jakarta.validation-api-2.0.2.jar
                                                                 [classpath] /var/lib/neo4j/lib/picocli-4.7.6.jar
                                                                 [classpath] /var/lib/neo4j/lib/jackson-jaxrs-json-provider-2.18.0.jar
                                                                 [classpath] /var/lib/neo4j/lib/jackson-datatype-jdk8-2.17.0.jar
                                                                 [classpath] /var/lib/neo4j/lib/guava-33.3.1-jre.jar
                                                                 [classpath] /var/lib/neo4j/lib/hk2-utils-2.6.1.jar
                                                                 [classpath] /var/lib/neo4j/lib/stax-ex-1.8.1.jar
                                                                 [classpath] /var/lib/neo4j/lib/neo4j-cypher-logical-plans-5.26.1.jar
                                                                 [classpath] /var/lib/neo4j/lib/txw2-2.3.2.jar
                                                                 [classpath] /var/lib/neo4j/lib/cypher-v5-literal-interpreter-5.26.1.jar
                                                                 [classpath] /var/lib/neo4j/lib/neo4j-native-5.26.1.jar
                                                                 [classpath] /var/lib/neo4j/lib/log4j-api-2.20.0.jar
                                                                 [classpath] /var/lib/neo4j/lib/neo4j-cypher-javacc-parser-5.26.1.jar
                                                                 [classpath] /var/lib/neo4j/lib/commons-io-2.17.0.jar
                                                                 [classpath] /var/lib/neo4j/lib/arrow-memory-core-17.0.0.jar
                                                                 [classpath] /var/lib/neo4j/lib/neo4j-bolt-5.26.1.jar
                                                                 [classpath] /var/lib/neo4j/lib/argparse4j-0.9.0.jar
                                                                 [classpath] /var/lib/neo4j/lib/log4j-core-2.20.0.jar
                                                                 [classpath] /var/lib/neo4j/lib/neo4j-index-5.26.1.jar
                                                                 [classpath] /var/lib/neo4j/lib/reactor-core-3.6.10.jar
                                                                 [classpath] /var/lib/neo4j/lib/neo4j-storage-engine-util-5.26.1.jar
                                                                 [classpath] /var/lib/neo4j/lib/grpc-protobuf-1.68.0.jar
                                                                 [classpath] /var/lib/neo4j/lib/jetty-security-10.0.24.jar
                                                                 [classpath] /var/lib/neo4j/lib/neo4j-util-5.26.1.jar
                                                                 [classpath] /var/lib/neo4j/lib/neo4j-collections-5.26.1.jar
                                                                 [classpath] /var/lib/neo4j/lib/cypher-antlr-common-5.26.1.jar
                                                                 [classpath] /var/lib/neo4j/lib/neo4j-cypher-5.26.1.jar
                                                                 [classpath] /var/lib/neo4j/lib/flight-core-17.0.0.jar
                                                                 [classpath] /var/lib/neo4j/lib/netty-handler-4.1.115.Final.jar
                                                                 [classpath] /var/lib/neo4j/lib/arrow-vector-17.0.0.jar
                                                                 [classpath] /var/lib/neo4j/lib/cypher-v5-antlr-parser-5.26.1.jar
                                                                 [classpath] /var/lib/neo4j/lib/neo4j-cypher-ast-factory-5.26.1.jar
                                                                 [classpath] /var/lib/neo4j/lib/shiro-crypto-core-2.0.1.jar
                                                                 [classpath] /var/lib/neo4j/lib/http2-common-10.0.24.jar
                                                                 [classpath] /var/lib/neo4j/lib/lucene-backward-codecs-9.11.1.jar
                                                                 [classpath] /var/lib/neo4j/lib/cypher-v25-parser-listener-5.26.1.jar
                                                                 [classpath] /var/lib/neo4j/lib/cypher-parser-ast-common-5.26.1.jar
                                                                 [classpath] /var/lib/neo4j/lib/neo4j-slf4j-provider-5.26.1.jar
                                                                 [classpath] /var/lib/neo4j/lib/parquet-jackson-1.14.3.jar
                                                                 [classpath] /var/lib/neo4j/lib/jackson-annotations-2.18.0.jar
                                                                 [classpath] /var/lib/neo4j/lib/jetty-http-10.0.24.jar
                                                                 [classpath] /var/lib/neo4j/lib/jetty-webapp-10.0.24.jar
                                                                 [classpath] /var/lib/neo4j/lib/cypher-v5-ast-factory-5.26.1.jar
                                                                 [classpath] /var/lib/neo4j/lib/neo4j-cypher-physical-planning-5.26.1.jar
                                                                 [classpath] /var/lib/neo4j/lib/grpc-api-1.68.0.jar
                                                                 [classpath] /var/lib/neo4j/lib/neo4j-import-tool-5.26.1.jar
                                                                 [classpath] /var/lib/neo4j/lib/shiro-cache-2.0.1.jar
                                                                 [classpath] /var/lib/neo4j/lib/netty-codec-4.1.115.Final.jar
                                                                 [classpath] /var/lib/neo4j/lib/netty-handler-proxy-4.1.115.Final.jar
                                                                 [classpath] /var/lib/neo4j/lib/scala-collection-contrib_2.13-0.3.0.jar
                                                                 [classpath] /var/lib/neo4j/lib/jersey-container-servlet-2.43.jar
                                                                 [classpath] /var/lib/neo4j/lib/commons-codec-1.17.1.jar
                                                                 [classpath] /var/lib/neo4j/lib/neo4j-dbms-5.26.1.jar
                                                                 [classpath] /var/lib/neo4j/lib/jetty-server-10.0.24.jar
                                                                 [classpath] /var/lib/neo4j/lib/neo4j-import-util-5.26.1.jar
                                                                 [classpath] /var/lib/neo4j/lib/jetty-util-10.0.24.jar
                                                                 [classpath] /var/lib/neo4j/lib/jPowerShell-3.0.jar
                                                                 [classpath] /var/lib/neo4j/lib/shiro-hashes-argon2-2.0.1.jar
                                                                 [classpath] /var/lib/neo4j/lib/reactive-streams-1.0.4.jar
                                                                 [classpath] /var/lib/neo4j/lib/neo4j-spatial-index-5.26.1.jar
                                                                 [classpath] /var/lib/neo4j/lib/perfmark-api-0.27.0.jar
                                                                 [classpath] /var/lib/neo4j/lib/netty-transport-native-epoll-4.1.115.Final-linux-x86_64.jar
                                                                 [classpath] /var/lib/neo4j/lib/neo4j-resource-5.26.1.jar
                                                                 [classpath] /var/lib/neo4j/lib/netty-transport-native-unix-common-4.1.115.Final.jar
                                                                 [classpath] /var/lib/neo4j/lib/neo4j-values-5.26.1.jar
                                                                 [classpath] /var/lib/neo4j/lib/aircompressor-0.27.jar
                                                                 [classpath] /var/lib/neo4j/lib/http2-server-10.0.24.jar
                                                                 [classpath] /var/lib/neo4j/lib/shiro-crypto-hash-2.0.1.jar
                                                                 [classpath] /var/lib/neo4j/lib/arrow-memory-netty-17.0.0.jar
                                                                 [classpath] /var/lib/neo4j/lib/neo4j-procedure-api-5.26.1.jar
                                                                 [classpath] /var/lib/neo4j/lib/listenablefuture-9999.0-empty-to-avoid-conflict-with-guava.jar
                                                                 [classpath] /var/lib/neo4j/lib/failureaccess-1.0.2.jar
                                                                 [classpath] /var/lib/neo4j/lib/jaxb-api-2.2.12.jar
                                                                 [classpath] /var/lib/neo4j/lib/jersey-container-servlet-core-2.43.jar
                                                                 [classpath] /var/lib/neo4j/lib/neo4j-cypher-dsl-2024.2.0.jar
                                                                 [classpath] /var/lib/neo4j/lib/jersey-client-2.43.jar
                                                                 [classpath] /var/lib/neo4j/lib/cypher-antlr-ast-common-5.26.1.jar
                                                                 [classpath] /var/lib/neo4j/lib/grpc-netty-1.68.0.jar
                                                                 [classpath] /var/lib/neo4j/lib/shiro-core-2.0.1.jar
                                                                 [classpath] /var/lib/neo4j/lib/jersey-server-2.43.jar
                                                                 [classpath] /var/lib/neo4j/lib/netty-tcnative-classes-2.0.69.Final.jar
                                                                 [classpath] /var/lib/neo4j/lib/neo4j-cypher-planner-5.26.1.jar
                                                                 [classpath] /var/lib/neo4j/lib/javax.annotation-api-1.3.2.jar
                                                                 [classpath] /var/lib/neo4j/lib/jna-5.15.0.jar
                                                                 [classpath] /var/lib/neo4j/lib/http2-hpack-10.0.24.jar
                                                                 [classpath] /var/lib/neo4j/lib/cypher-shell-5.26.1.jar
                                                                 [classpath] /var/lib/neo4j/lib/neo4j-exceptions-5.26.1.jar
                                                                 [classpath] /var/lib/neo4j/lib/shiro-hashes-bcrypt-2.0.1.jar
                                                                 [classpath] /var/lib/neo4j/lib/neo4j-codegen-5.26.1.jar
                                                                 [classpath] /var/lib/neo4j/lib/neo4j-procedure-5.26.1.jar
                                                                 [classpath] /var/lib/neo4j/lib/neo4j-cypher-ir-5.26.1.jar
                                                                 [classpath] /var/lib/neo4j/lib/netty-transport-classes-kqueue-4.1.115.Final.jar
                                                                 [classpath] /var/lib/neo4j/lib/neo4j-ast-5.26.1.jar
                                                                 [classpath] /var/lib/neo4j/lib/snappy-java-1.1.10.5.jar
                                                                 [classpath] /var/lib/neo4j/lib/netty-buffer-4.1.115.Final.jar
                                                                 [classpath] /var/lib/neo4j/lib/neo4j-5.26.1.jar
                                                                 [classpath] /var/lib/neo4j/lib/neo4j-front-end-5.26.1.jar
                                                                 [classpath] /var/lib/neo4j/lib/commons-configuration2-2.11.0.jar
                                                                 [classpath] /var/lib/neo4j/lib/neo4j-diagnostics-5.26.1.jar
                                                                 [classpath] /var/lib/neo4j/lib/jline-terminal-jansi-3.21.0.jar
                                                                 [classpath] /var/lib/neo4j/lib/netty-transport-native-kqueue-4.1.115.Final-osx-x86_64.jar
                                                                 [classpath] /var/lib/neo4j/lib/hk2-api-2.6.1.jar
                                                                 [classpath] /var/lib/neo4j/lib/neo4j-gql-status-5.26.1.jar
                                                                 [classpath] /var/lib/neo4j/lib/shiro-config-core-2.0.1.jar
                                                                 [classpath] /var/lib/neo4j/lib/neo4j-import-api-5.26.1.jar
                                                                 [classpath] /var/lib/neo4j/lib/parquet-floor-1.47.jar
                                                                 [classpath] /var/lib/neo4j/lib/neo4j-query-router-5.26.1.jar
                                                                 [classpath] /var/lib/neo4j/lib/neo4j-server-5.26.1.jar
                                                                 [classpath] /var/lib/neo4j/lib/neo4j-cypher-expression-evaluator-5.26.1.jar
                                                                 [classpath] /var/lib/neo4j/lib/shiro-event-2.0.1.jar
                                                                 [classpath] /var/lib/neo4j/lib/neo4j-wal-5.26.1.jar
                                                                 [classpath] /var/lib/neo4j/lib/jsr305-3.0.2.jar
                                                                 [classpath] /var/lib/neo4j/lib/neo4j-cloud-5.26.1.jar
                                                                 [classpath] /var/lib/neo4j/lib/commons-logging-1.3.4.jar
                                                                 [classpath] /var/lib/neo4j/lib/neo4j-rewriting-5.26.1.jar
                                                                 [classpath] /var/lib/neo4j/lib/jakarta.activation-api-1.2.2.jar
                                                                 [classpath] /var/lib/neo4j/lib/commons-lang3-3.17.0.jar
                                                                 [classpath] /var/lib/neo4j/lib/cypher-v25-ast-factory-5.26.1.jar
                                                                 [classpath] /var/lib/neo4j/lib/jettison-1.5.4.jar
                                                                 [classpath] /var/lib/neo4j/lib/neo4j-expressions-5.26.1.jar
                                                                 [classpath] /var/lib/neo4j/lib/netty-codec-http-4.1.115.Final.jar
                                                                 [classpath] /var/lib/neo4j/lib/jakarta.inject-2.6.1.jar
                                                                 [classpath] /var/lib/neo4j/lib/neo4j-lock-5.26.1.jar
                                                                 [classpath] /var/lib/neo4j/lib/neo4j-lucene-index-5.26.1.jar
                                                                 [classpath] /var/lib/neo4j/lib/slf4j-api-2.0.9.jar
                                                                 [classpath] /var/lib/neo4j/lib/neo4j-configuration-5.26.1.jar
                                                                 [classpath] /var/lib/neo4j/lib/gson-2.11.0.jar
                                                                 [classpath] /var/lib/neo4j/lib/arrow-format-17.0.0.jar
                                                                 [classpath] /var/lib/neo4j/lib/jline-reader-3.21.0.jar
                                                                 [classpath] /var/lib/neo4j/lib/neo4j-fulltext-index-5.26.1.jar
                                                                 [classpath] /var/lib/neo4j/lib/FastInfoset-1.2.16.jar
                                                                 [classpath] /var/lib/neo4j/lib/javassist-3.30.2-GA.jar
                                                                 [classpath] /var/lib/neo4j/lib/jersey-hk2-2.43.jar
                                                                 [classpath] /var/lib/neo4j/lib/neo4j-common-5.26.1.jar
                                                                 [classpath] /var/lib/neo4j/lib/netty-transport-classes-epoll-4.1.115.Final.jar
                                                                 [classpath] /var/lib/neo4j/lib/shiro-crypto-cipher-2.0.1.jar
                                                                 [classpath] /var/lib/neo4j/lib/grpc-util-1.68.0.jar
                                                                 [classpath] /var/lib/neo4j/lib/cypher-v25-antlr-parser-5.26.1.jar
                                                                 [classpath] /var/lib/neo4j/lib/netty-transport-native-kqueue-4.1.115.Final-osx-aarch_64.jar
                                                                 [classpath] /var/lib/neo4j/lib/flatbuffers-java-24.3.25.jar
                                                                 [classpath] /var/lib/neo4j/lib/neo4j-security-5.26.1.jar
                                                                 [classpath] /var/lib/neo4j/lib/jetty-servlet-10.0.24.jar
                                                                 [classpath] /var/lib/neo4j/lib/neo4j-capabilities-5.26.1.jar
                                                                 [classpath] /var/lib/neo4j/lib/neo4j-consistency-check-5.26.1.jar
                                                                 [classpath] /var/lib/neo4j/lib/scala-reflect-2.13.11.jar
                                                                 [classpath] /var/lib/neo4j/lib/jetty-alpn-java-server-10.0.24.jar
                                                                 [classpath] /var/lib/neo4j/lib/jakarta.annotation-api-1.3.5.jar
                                                                 [classpath] /var/lib/neo4j/lib/neo4j-graph-algo-5.26.1.jar
                                                                 [classpath] /var/lib/neo4j/lib/protobuf-java-3.25.5.jar
                                                                 [classpath] /var/lib/neo4j/lib/jctools-core-4.0.5.jar
                                                                 [classpath] /var/lib/neo4j/lib/neo4j-push-to-cloud-5.26.1.jar
                                                                 [classpath] /var/lib/neo4j/lib/jackson-datatype-jsr310-2.17.1.jar
                                                                 [classpath] /var/lib/neo4j/lib/annotations-5.26.1.jar
                                                                 [classpath] /var/lib/neo4j/lib/neo4j-ssl-5.26.1.jar
                                                                 [classpath] /var/lib/neo4j/lib/jackson-core-2.18.0.jar
                                                                 [classpath] /var/lib/neo4j/lib/neo4j-cypher-config-5.26.1.jar
                                                                 [classpath] /var/lib/neo4j/lib/zstd-proxy-5.26.1.jar
                                                                 [classpath] /var/lib/neo4j/lib/neo4j-udc-5.26.1.jar
                                                                 [classpath] /var/lib/neo4j/lib/cypher-parser-common-5.26.1.jar
                                                                 [classpath] /var/lib/neo4j/lib/log4j-layout-template-json-2.20.0.jar
                                                                 [classpath] /var/lib/neo4j/lib/jersey-common-2.43.jar
                                                                 [classpath] /var/lib/neo4j/lib/neo4j-browser-5.26.0.jar
                                                                 [classpath] /var/lib/neo4j/lib/neo4j-cypher-macros-5.26.1.jar
                                                                 [classpath] /var/lib/neo4j/lib/arrow-memory-netty-buffer-patch-17.0.0.jar
                                                                 [classpath] /var/lib/neo4j/lib/neo4j-java-driver-5.26.0.jar
                                                                 [classpath] /var/lib/neo4j/lib/neo4j-fabric-5.26.1.jar
                                                                 [classpath] /var/lib/neo4j/lib/lucene-core-9.11.1.jar
                                                                 [classpath] /var/lib/neo4j/lib/jackson-jaxrs-base-2.18.0.jar
                                                                
2025-02-05 09:53:19.141+0000 INFO  [o.n.i.d.DiagnosticsManager] 
                                                                --------------------------------------------------------------------------------
                                                                                                [ Library path ]                                
                                                                --------------------------------------------------------------------------------
                                                                /usr/java/packages/lib
                                                                /usr/lib64
                                                                /lib64
                                                                /lib
                                                                /usr/lib
                                                                
2025-02-05 09:53:19.142+0000 INFO  [o.n.i.d.DiagnosticsManager] 
                                                                --------------------------------------------------------------------------------
                                                                                             [ System properties ]                              
                                                                --------------------------------------------------------------------------------
                                                                sun.jnu.encoding = UTF-8
                                                                sun.arch.data.model = 64
                                                                user.timezone = Etc/UTC
                                                                sun.java.launcher = SUN_STANDARD
                                                                sun.boot.library.path = /opt/java/openjdk/lib
                                                                sun.java.command = org.neo4j.server.CommunityEntryPoint --home-dir=/var/lib/neo4j --config-dir=/var/lib/neo4j/conf --console-mode
                                                                jdk.debug = release
                                                                sun.cpu.endian = little
                                                                user.home = /var/lib/neo4j
                                                                user.language = en
                                                                file.separator = /
                                                                sun.management.compiler = HotSpot 64-Bit Tiered Compilers
                                                                user.name = neo4j
                                                                path.separator = :
                                                                file.encoding = UTF-8
                                                                jnidispatch.path = /var/lib/neo4j/.cache/JNA/temp/jna13152347811697739603.tmp
                                                                jna.loaded = true
                                                                user.dir = /var/lib/neo4j
                                                                native.encoding = UTF-8
                                                                sun.io.unicode.encoding = UnicodeLittle
                                                                
2025-02-05 09:53:19.144+0000 INFO  [o.n.i.d.DiagnosticsManager] 
                                                                --------------------------------------------------------------------------------
                                                                                      [ (IANA) TimeZone database version ]                      
                                                                --------------------------------------------------------------------------------
                                                                  TimeZone version: 2024b (available for 603 zone identifiers)
                                                                
2025-02-05 09:53:19.144+0000 INFO  [o.n.i.d.DiagnosticsManager] 
                                                                --------------------------------------------------------------------------------
                                                                                            [ Network information ]                             
                                                                --------------------------------------------------------------------------------
                                                                Interface eth0:
                                                                    address: 172.18.0.2
                                                                Interface lo:
                                                                    address: 0:0:0:0:0:0:0:1%lo
                                                                    address: 127.0.0.1
                                                                
2025-02-05 09:53:19.145+0000 INFO  [o.n.i.d.DiagnosticsManager] 
                                                                --------------------------------------------------------------------------------
                                                                                         [ Native access information ]                          
                                                                --------------------------------------------------------------------------------
                                                                Native access details: Linux native access is available.
                                                                
2025-02-05 09:53:19.145+0000 INFO  [o.n.i.d.DiagnosticsManager] 
                                                                --------------------------------------------------------------------------------
                                                                                                [ DBMS config ]                                 
                                                                --------------------------------------------------------------------------------
                                                                DBMS provided settings:
                                                                server.default_listen_address=0.0.0.0
                                                                server.directories.import=/import
                                                                server.directories.logs=/logs
                                                                server.directories.neo4j_home=/var/lib/neo4j
                                                                server.directories.plugins=/plugins
                                                                server.memory.heap.initial_size=1.00GiB
                                                                server.memory.heap.max_size=1.00GiB
                                                                server.memory.pagecache.size=1.00GiB
                                                                Directories in use:
                                                                server.directories.data=/var/lib/neo4j/data
                                                                server.directories.dumps.root=/var/lib/neo4j/data/dumps
                                                                server.directories.import=/import
                                                                server.directories.lib=/var/lib/neo4j/lib
                                                                server.directories.licenses=/var/lib/neo4j/licenses
                                                                server.directories.logs=/logs
                                                                server.directories.neo4j_home=/var/lib/neo4j
                                                                server.directories.plugins=/plugins
                                                                server.directories.run=/var/lib/neo4j/run
                                                                server.directories.script.root=/var/lib/neo4j/data/scripts
                                                                server.directories.transaction.logs.root=/var/lib/neo4j/data/transactions
                                                                
2025-02-05 09:53:19.146+0000 INFO  [o.n.i.d.DiagnosticsManager] 
                                                                --------------------------------------------------------------------------------
                                                                                                 [ Packaging ]                                  
                                                                --------------------------------------------------------------------------------
                                                                Edition: Community
                                                                Package Type: docker bullseye
                                                                
2025-02-05 09:53:19.214+0000 INFO  [o.n.d.i.DefaultIdentityModule] Found ServerId on disk: ServerId{d3ce7e3c} (d3ce7e3c-3f91-40b7-be46-489aff4eaba8)
2025-02-05 09:53:19.216+0000 INFO  [o.n.d.i.DefaultIdentityModule] This instance is ServerId{d3ce7e3c} (d3ce7e3c-3f91-40b7-be46-489aff4eaba8)
2025-02-05 09:53:20.651+0000 INFO  [o.n.s.CommunityNeoWebServer] ======== Neo4j 5.26.1 ========
2025-02-05 09:53:20.678+0000 INFO  [o.n.d.d.DatabaseLifecycles] Creating 'DatabaseId{00000000[system]}'.
2025-02-05 09:53:20.995+0000 INFO  [o.n.b.BoltServer] Using connector transport epoll
2025-02-05 09:53:21.059+0000 INFO  [o.n.b.BoltServer] Configured external Bolt connector with listener address /0.0.0.0:7687
2025-02-05 09:53:21.060+0000 INFO  [o.n.b.BoltServer] Bolt server loaded
2025-02-05 09:53:21.084+0000 INFO  [o.n.d.d.DatabaseLifecycles] Starting 'DatabaseId{00000000[system]}'.
2025-02-05 09:53:22.080+0000 WARN  [o.n.k.i.t.l.f.c.CheckpointFileChannelNativeAccessor] [system/00000000] Unable to advise sequential access for transaction log version: 0. Error: ErrorCode=-1, errorMessage='Incorrect file descriptor.'
2025-02-05 09:53:22.081+0000 WARN  [o.n.k.i.t.l.f.c.CheckpointFileChannelNativeAccessor] [system/00000000] Unable to advise preserve data in cache for transaction log version: 0. Error: ErrorCode=-1, errorMessage='Incorrect file descriptor.'
2025-02-05 09:53:22.091+0000 INFO  [o.n.k.i.t.l.f.c.CheckpointLogFile] [system/00000000] Scanning log file with version 0 for checkpoint entries
2025-02-05 09:53:22.113+0000 WARN  [o.n.k.i.t.l.f.c.CheckpointFileChannelNativeAccessor] [system/00000000] Unable to evict transaction log from cache with version: 0. Error: ErrorCode=-1, errorMessage='Incorrect file descriptor.'
2025-02-05 09:53:22.125+0000 WARN  [o.n.k.i.t.l.f.c.CheckpointFileChannelNativeAccessor] [system/00000000] Unable to advise sequential access for transaction log version: 0. Error: ErrorCode=-1, errorMessage='Incorrect file descriptor.'
2025-02-05 09:53:22.127+0000 WARN  [o.n.k.i.t.l.f.c.CheckpointFileChannelNativeAccessor] [system/00000000] Unable to advise preserve data in cache for transaction log version: 0. Error: ErrorCode=-1, errorMessage='Incorrect file descriptor.'
2025-02-05 09:53:22.129+0000 WARN  [o.n.k.i.t.l.f.c.CheckpointFileChannelNativeAccessor] [system/00000000] Unable to evict transaction log from cache with version: 0. Error: ErrorCode=-1, errorMessage='Incorrect file descriptor.'
2025-02-05 09:53:22.153+0000 WARN  [o.n.k.i.t.l.f.LogFileChannelNativeAccessor] [system/00000000] Unable to advise sequential access for transaction log version: 0. Error: ErrorCode=-1, errorMessage='Incorrect file descriptor.'
2025-02-05 09:53:22.154+0000 WARN  [o.n.k.i.t.l.f.LogFileChannelNativeAccessor] [system/00000000] Unable to advise preserve data in cache for transaction log version: 0. Error: ErrorCode=-1, errorMessage='Incorrect file descriptor.'
2025-02-05 09:53:22.157+0000 WARN  [o.n.k.i.t.l.f.LogFileChannelNativeAccessor] [system/00000000] Unable to advise sequential access for transaction log version: 0. Error: ErrorCode=-1, errorMessage='Incorrect file descriptor.'
2025-02-05 09:53:22.157+0000 WARN  [o.n.k.i.t.l.f.LogFileChannelNativeAccessor] [system/00000000] Unable to advise preserve data in cache for transaction log version: 0. Error: ErrorCode=-1, errorMessage='Incorrect file descriptor.'
2025-02-05 09:53:22.158+0000 WARN  [o.n.k.i.t.l.f.LogFileChannelNativeAccessor] [system/00000000] Unable to evict transaction log from cache with version: 0. Error: ErrorCode=-1, errorMessage='Incorrect file descriptor.'
2025-02-05 09:53:22.158+0000 WARN  [o.n.k.i.t.l.f.LogFileChannelNativeAccessor] [system/00000000] Unable to evict transaction log from cache with version: 0. Error: ErrorCode=-1, errorMessage='Incorrect file descriptor.'
2025-02-05 09:53:22.313+0000 INFO  [o.n.k.i.s.f.RecordFormatSelector] [system/00000000] Selected RecordFormat:PageAlignedV5_0[aligned-1.1] record format from store /data/databases/system
2025-02-05 09:53:22.314+0000 INFO  [o.n.k.i.s.f.RecordFormatSelector] [system/00000000] Selected format from the store files: RecordFormat:PageAlignedV5_0[aligned-1.1]
2025-02-05 09:53:22.615+0000 WARN  [o.n.k.i.t.l.f.LogFileChannelNativeAccessor] [system/00000000] Unable to advise sequential access for transaction log version: 0. Error: ErrorCode=-1, errorMessage='Incorrect file descriptor.'
2025-02-05 09:53:22.615+0000 WARN  [o.n.k.i.t.l.f.LogFileChannelNativeAccessor] [system/00000000] Unable to advise preserve data in cache for transaction log version: 0. Error: ErrorCode=-1, errorMessage='Incorrect file descriptor.'
2025-02-05 09:53:22.616+0000 WARN  [o.n.k.i.t.l.f.LogFileChannelNativeAccessor] [system/00000000] Unable to evict transaction log from cache with version: 0. Error: ErrorCode=-1, errorMessage='Incorrect file descriptor.'
2025-02-05 09:53:23.053+0000 WARN  [o.n.k.i.t.l.f.c.CheckpointFileChannelNativeAccessor] [system/00000000] Unable to advise sequential access for transaction log version: 0. Error: ErrorCode=-1, errorMessage='Incorrect file descriptor.'
2025-02-05 09:53:23.054+0000 WARN  [o.n.k.i.t.l.f.c.CheckpointFileChannelNativeAccessor] [system/00000000] Unable to advise preserve data in cache for transaction log version: 0. Error: ErrorCode=-1, errorMessage='Incorrect file descriptor.'
2025-02-05 09:53:23.056+0000 WARN  [o.n.k.i.t.l.f.c.CheckpointFileChannelNativeAccessor] [system/00000000] Unable to evict transaction log from cache with version: 0. Error: ErrorCode=-1, errorMessage='Incorrect file descriptor.'
2025-02-05 09:53:23.089+0000 INFO  [o.n.i.d.DiagnosticsManager] [system/00000000] 
                                                                [system/00000000] ********************************************************************************
                                                                [system/00000000]                               [ Database: system ]                              
                                                                [system/00000000] ********************************************************************************
                                                                [system/00000000] --------------------------------------------------------------------------------
                                                                [system/00000000]                                   [ Version ]                                   
                                                                [system/00000000] --------------------------------------------------------------------------------
                                                                [system/00000000] DBMS: community record-aligned-1.1
                                                                [system/00000000] Kernel version: 5.26.1
                                                                [system/00000000] 
                                                                [system/00000000] --------------------------------------------------------------------------------
                                                                [system/00000000]                                 [ Store files ]                                 
                                                                [system/00000000] --------------------------------------------------------------------------------
                                                                [system/00000000] Disk space on partition (Total / Free / Free %): 119013953536 / 14838632448 / 12
                                                                [system/00000000] Storage files stored on file store: 9p
                                                                [system/00000000] Storage files: (filename : modification date - size)
                                                                [system/00000000]   database_lock: 2025-02-05 09:52:14.286+0000 - 0B
                                                                [system/00000000]   neostore: 2025-02-05 09:52:13.970+0000 - 8.000KiB
                                                                [system/00000000]   neostore.counts.db: 2025-02-05 09:53:22.653+0000 - 48.00KiB
                                                                [system/00000000]   neostore.indexstats.db: 2025-02-05 09:53:22.701+0000 - 48.00KiB
                                                                [system/00000000]   neostore.labeltokenstore.db: 2025-02-05 09:52:56.249+0000 - 8.000KiB
                                                                [system/00000000]   neostore.labeltokenstore.db.id: 2025-02-05 09:53:22.577+0000 - 40.00KiB
                                                                [system/00000000]   neostore.labeltokenstore.db.names: 2025-02-05 09:52:56.263+0000 - 8.000KiB
                                                                [system/00000000]   neostore.labeltokenstore.db.names.id: 2025-02-05 09:53:22.565+0000 - 40.00KiB
                                                                [system/00000000]   neostore.nodestore.db: 2025-02-05 09:52:56.268+0000 - 8.000KiB
                                                                [system/00000000]   neostore.nodestore.db.id: 2025-02-05 09:53:22.407+0000 - 40.00KiB
                                                                [system/00000000]   neostore.nodestore.db.labels: 2025-02-05 09:52:13.405+0000 - 8.000KiB
                                                                [system/00000000]   neostore.nodestore.db.labels.id: 2025-02-05 09:53:22.379+0000 - 40.00KiB
                                                                [system/00000000]   neostore.propertystore.db: 2025-02-05 09:52:56.252+0000 - 8.000KiB
                                                                [system/00000000]   neostore.propertystore.db.arrays: 2025-02-05 09:52:13.809+0000 - 8.000KiB
                                                                [system/00000000]   neostore.propertystore.db.arrays.id: 2025-02-05 09:53:22.469+0000 - 40.00KiB
                                                                [system/00000000]   neostore.propertystore.db.id: 2025-02-05 09:53:22.501+0000 - 40.00KiB
                                                                [system/00000000]   neostore.propertystore.db.index: 2025-02-05 09:52:56.255+0000 - 8.000KiB
                                                                [system/00000000]   neostore.propertystore.db.index.id: 2025-02-05 09:53:22.445+0000 - 40.00KiB
                                                                [system/00000000]   neostore.propertystore.db.index.keys: 2025-02-05 09:52:56.275+0000 - 8.000KiB
                                                                [system/00000000]   neostore.propertystore.db.index.keys.id: 2025-02-05 09:53:22.416+0000 - 40.00KiB
                                                                [system/00000000]   neostore.propertystore.db.strings: 2025-02-05 09:52:56.271+0000 - 8.000KiB
                                                                [system/00000000]   neostore.propertystore.db.strings.id: 2025-02-05 09:53:22.455+0000 - 40.00KiB
                                                                [system/00000000]   neostore.relationshipgroupstore.db: 2025-02-05 09:52:13.956+0000 - 8.000KiB
                                                                [system/00000000]   neostore.relationshipgroupstore.db.id: 2025-02-05 09:53:22.600+0000 - 40.00KiB
                                                                [system/00000000]   neostore.relationshipgroupstore.degrees.db: 2025-02-05 09:53:22.677+0000 - 40.00KiB
                                                                [system/00000000]   neostore.relationshipstore.db: 2025-02-05 09:52:56.265+0000 - 8.000KiB
                                                                [system/00000000]   neostore.relationshipstore.db.id: 2025-02-05 09:53:22.535+0000 - 40.00KiB
                                                                [system/00000000]   neostore.relationshiptypestore.db: 2025-02-05 09:52:56.277+0000 - 8.000KiB
                                                                [system/00000000]   neostore.relationshiptypestore.db.id: 2025-02-05 09:53:22.556+0000 - 40.00KiB
                                                                [system/00000000]   neostore.relationshiptypestore.db.names: 2025-02-05 09:52:56.239+0000 - 8.000KiB
                                                                [system/00000000]   neostore.relationshiptypestore.db.names.id: 2025-02-05 09:53:22.545+0000 - 40.00KiB
                                                                [system/00000000]   neostore.schemastore.db: 2025-02-05 09:52:56.260+0000 - 8.000KiB
                                                                [system/00000000]   neostore.schemastore.db.id: 2025-02-05 09:53:22.577+0000 - 40.00KiB
                                                                [system/00000000]   schema:
                                                                [system/00000000]     index:
                                                                [system/00000000]       range-1.0:
                                                                [system/00000000]         3:
                                                                [system/00000000]           index-3: 2025-02-05 09:52:56.313+0000 - 48.00KiB
                                                                [system/00000000]         - Total: 2025-02-05 09:52:15.386+0000 - 48.00KiB
                                                                [system/00000000]         4:
                                                                [system/00000000]           index-4: 2025-02-05 09:52:56.318+0000 - 48.00KiB
                                                                [system/00000000]         - Total: 2025-02-05 09:52:15.536+0000 - 48.00KiB
                                                                [system/00000000]         7:
                                                                [system/00000000]           index-7: 2025-02-05 09:52:56.329+0000 - 48.00KiB
                                                                [system/00000000]         - Total: 2025-02-05 09:52:15.879+0000 - 48.00KiB
                                                                [system/00000000]         8:
                                                                [system/00000000]           index-8: 2025-02-05 09:52:56.333+0000 - 48.00KiB
                                                                [system/00000000]         - Total: 2025-02-05 09:52:15.936+0000 - 48.00KiB
                                                                [system/00000000]         9:
                                                                [system/00000000]           index-9: 2025-02-05 09:52:56.337+0000 - 48.00KiB
                                                                [system/00000000]         - Total: 2025-02-05 09:52:16.021+0000 - 48.00KiB
                                                                [system/00000000]       - Total: 2025-02-05 09:52:16.021+0000 - 240.0KiB
                                                                [system/00000000]       token-lookup-1.0:
                                                                [system/00000000]         1:
                                                                [system/00000000]           index-1: 2025-02-05 09:52:56.302+0000 - 48.00KiB
                                                                [system/00000000]         - Total: 2025-02-05 09:52:14.791+0000 - 48.00KiB
                                                                [system/00000000]         2:
                                                                [system/00000000]           index-2: 2025-02-05 09:52:56.307+0000 - 48.00KiB
                                                                [system/00000000]         - Total: 2025-02-05 09:52:14.654+0000 - 48.00KiB
                                                                [system/00000000]       - Total: 2025-02-05 09:52:14.788+0000 - 96.00KiB
                                                                [system/00000000]     - Total: 2025-02-05 09:52:15.382+0000 - 336.0KiB
                                                                [system/00000000]   - Total: 2025-02-05 09:52:14.642+0000 - 336.0KiB
                                                                [system/00000000] Storage summary: 
                                                                [system/00000000]   Total size of store: 1.125MiB
                                                                [system/00000000]   Total size of mapped files: 456.0KiB
                                                                [system/00000000] 
                                                                [system/00000000] --------------------------------------------------------------------------------
                                                                [system/00000000]                               [ Transaction log ]                               
                                                                [system/00000000] --------------------------------------------------------------------------------
                                                                [system/00000000] Transaction log files stored on file store: 9p
                                                                [system/00000000] Transaction log metadata:
                                                                [system/00000000]  - current kernel version used in transactions: V5_25
                                                                [system/00000000]  - last committed transaction id: 41
                                                                [system/00000000] Transaction log files:
                                                                [system/00000000]  - existing transaction log versions: 0-0
                                                                [system/00000000]  - oldest append index 2 found in log with version 0
                                                                [system/00000000]  - files: (filename : creation date - size)
                                                                [system/00000000]      neostore.transaction.db.0: 2025-02-05 09:52:16.539+0000 - 23.46KiB
                                                                [system/00000000]  - total size of files: 23.46KiB
                                                                [system/00000000] Checkpoint log files:
                                                                [system/00000000]  - existing checkpoint log versions: 0-0
                                                                [system/00000000]  - last checkpoint: CheckpointInfo[oldestNotVisibleTransactionLogPosition=LogPosition{logVersion=0, byteOffset=24028}, transactionLogPosition=LogPosition{logVersion=0, byteOffset=24028}, storeId=StoreId{creationTime=1738749133969, random=3699694509950572513, storageEngineName='record', formatName='aligned', majorVersion=1, minorVersion=1}, checkpointEntryPosition=LogPosition{logVersion=0, byteOffset=360}, channelPositionAfterCheckpoint=LogPosition{logVersion=0, byteOffset=592}, checkpointFilePostReadPosition=LogPosition{logVersion=0, byteOffset=592}, kernelVersion=KernelVersion{V5_25,version=20}, kernelVersionByte=20, transactionId=TransactionId[id=41, appendIndex=41, kernelVersion=KernelVersion{V5_25,version=20}, checksum=-1159212324, commitTimestamp=1738749136542, consensusIndex=-1], appendIndex=41, reason=Checkpoint triggered by "Database shutdown" @ txId: 41, append index: 41, consensusIndexInCheckpoint=true]
                                                                [system/00000000] 
                                                                [system/00000000] --------------------------------------------------------------------------------
                                                                [system/00000000]                                   [ Id usage ]                                  
                                                                [system/00000000] --------------------------------------------------------------------------------
                                                                [system/00000000] ArrayPropertyStore[neostore.nodestore.db.labels]: used=1 high=0
                                                                [system/00000000] NodeStore[neostore.nodestore.db]: used=7 high=6
                                                                [system/00000000] StringPropertyStore[neostore.propertystore.db.index.keys]: used=47 high=46
                                                                [system/00000000] PropertyIndexStore[neostore.propertystore.db.index]: used=33 high=32
                                                                [system/00000000] StringPropertyStore[neostore.propertystore.db.strings]: used=3 high=2
                                                                [system/00000000] ArrayPropertyStore[neostore.propertystore.db.arrays]: used=1 high=0
                                                                [system/00000000] PropertyStore[neostore.propertystore.db]: used=73 high=72
                                                                [system/00000000] RelationshipStore[neostore.relationshipstore.db]: used=3 high=2
                                                                [system/00000000] StringPropertyStore[neostore.relationshiptypestore.db.names]: used=3 high=2
                                                                [system/00000000] RelationshipTypeStore[neostore.relationshiptypestore.db]: used=2 high=1
                                                                [system/00000000] StringPropertyStore[neostore.labeltokenstore.db.names]: used=6 high=5
                                                                [system/00000000] LabelTokenStore[neostore.labeltokenstore.db]: used=5 high=4
                                                                [system/00000000] SchemaStore[neostore.schemastore.db]: used=13 high=12
                                                                [system/00000000] RelationshipGroupStore[neostore.relationshipgroupstore.db]: used=1 high=0
                                                                [system/00000000] NeoStore[neostore]: used=-1 high=-1
                                                                [system/00000000] 
                                                                [system/00000000] --------------------------------------------------------------------------------
                                                                [system/00000000]                                   [ Metadata ]                                  
                                                                [system/00000000] --------------------------------------------------------------------------------
                                                                [system/00000000] EXTERNAL_STORE_UUID (Database identifier exposed as external store identity. Generated on creation and never updated): 4cffff24-fa74-48d6-9304-e4650c0ee11d
                                                                [system/00000000] DATABASE_ID (The last used DatabaseId for this database): null
                                                                [system/00000000] LEGACY_STORE_VERSION (Legacy store format version. This field is used from 5.0 onwards only to distinguish non-migrated pre 5.0 metadata stores.): -3523014627327384477
                                                                [system/00000000] STORE_ID (Store ID): StoreId{creationTime=1738749133969, random=3699694509950572513, storageEngineName='record', formatName='aligned', majorVersion=1, minorVersion=1}
                                                                [system/00000000] 
2025-02-05 09:53:23.346+0000 INFO  [o.n.k.i.a.i.IndexingService] [system/00000000] IndexingService.init: indexes not specifically mentioned above are ONLINE. Total 7 indexes. Processed in 202ms
2025-02-05 09:53:23.364+0000 INFO  [o.n.k.a.DatabaseAvailabilityGuard] [system/00000000] Requirement `Database unavailable` makes database system unavailable.
2025-02-05 09:53:23.365+0000 INFO  [o.n.k.a.DatabaseAvailabilityGuard] [system/00000000] DatabaseId{00000000[system]} is unavailable.
2025-02-05 09:53:23.389+0000 WARN  [o.n.k.i.t.l.f.LogFileChannelNativeAccessor] [system/00000000] Unable to advise sequential access for transaction log version: 0. Error: ErrorCode=-1, errorMessage='Incorrect file descriptor.'
2025-02-05 09:53:23.390+0000 WARN  [o.n.k.i.t.l.f.LogFileChannelNativeAccessor] [system/00000000] Unable to advise preserve data in cache for transaction log version: 0. Error: ErrorCode=-1, errorMessage='Incorrect file descriptor.'
2025-02-05 09:53:23.393+0000 INFO  [o.n.k.d.Database] [system/00000000] Starting transaction log [/data/transactions/system/neostore.transaction.db.0] at version=0
2025-02-05 09:53:23.402+0000 WARN  [o.n.k.i.t.l.f.c.CheckpointFileChannelNativeAccessor] [system/00000000] Unable to advise sequential access for transaction log version: 0. Error: ErrorCode=-1, errorMessage='Incorrect file descriptor.'
2025-02-05 09:53:23.402+0000 WARN  [o.n.k.i.t.l.f.c.CheckpointFileChannelNativeAccessor] [system/00000000] Unable to advise preserve data in cache for transaction log version: 0. Error: ErrorCode=-1, errorMessage='Incorrect file descriptor.'
2025-02-05 09:53:23.403+0000 INFO  [o.n.k.d.Database] [system/00000000] Starting transaction log [/data/transactions/system/checkpoint.0] at version=0
2025-02-05 09:53:23.409+0000 WARN  [o.n.k.i.t.l.f.c.CheckpointFileChannelNativeAccessor] [system/00000000] Unable to advise sequential access for transaction log version: 0. Error: ErrorCode=-1, errorMessage='Incorrect file descriptor.'
2025-02-05 09:53:23.410+0000 WARN  [o.n.k.i.t.l.f.c.CheckpointFileChannelNativeAccessor] [system/00000000] Unable to advise preserve data in cache for transaction log version: 0. Error: ErrorCode=-1, errorMessage='Incorrect file descriptor.'
2025-02-05 09:53:23.411+0000 INFO  [o.n.k.i.t.l.f.c.CheckpointLogFile] [system/00000000] Scanning log file with version 0 for checkpoint entries
2025-02-05 09:53:23.412+0000 WARN  [o.n.k.i.t.l.f.c.CheckpointFileChannelNativeAccessor] [system/00000000] Unable to evict transaction log from cache with version: 0. Error: ErrorCode=-1, errorMessage='Incorrect file descriptor.'
2025-02-05 09:53:23.414+0000 WARN  [o.n.k.i.t.l.f.c.CheckpointFileChannelNativeAccessor] [system/00000000] Unable to advise sequential access for transaction log version: 0. Error: ErrorCode=-1, errorMessage='Incorrect file descriptor.'
2025-02-05 09:53:23.415+0000 WARN  [o.n.k.i.t.l.f.c.CheckpointFileChannelNativeAccessor] [system/00000000] Unable to advise preserve data in cache for transaction log version: 0. Error: ErrorCode=-1, errorMessage='Incorrect file descriptor.'
2025-02-05 09:53:23.415+0000 WARN  [o.n.k.i.t.l.f.c.CheckpointFileChannelNativeAccessor] [system/00000000] Unable to evict transaction log from cache with version: 0. Error: ErrorCode=-1, errorMessage='Incorrect file descriptor.'
2025-02-05 09:53:23.416+0000 WARN  [o.n.k.i.t.l.f.LogFileChannelNativeAccessor] [system/00000000] Unable to advise sequential access for transaction log version: 0. Error: ErrorCode=-1, errorMessage='Incorrect file descriptor.'
2025-02-05 09:53:23.417+0000 WARN  [o.n.k.i.t.l.f.LogFileChannelNativeAccessor] [system/00000000] Unable to advise preserve data in cache for transaction log version: 0. Error: ErrorCode=-1, errorMessage='Incorrect file descriptor.'
2025-02-05 09:53:23.419+0000 WARN  [o.n.k.i.t.l.f.LogFileChannelNativeAccessor] [system/00000000] Unable to advise sequential access for transaction log version: 0. Error: ErrorCode=-1, errorMessage='Incorrect file descriptor.'
2025-02-05 09:53:23.419+0000 WARN  [o.n.k.i.t.l.f.LogFileChannelNativeAccessor] [system/00000000] Unable to advise preserve data in cache for transaction log version: 0. Error: ErrorCode=-1, errorMessage='Incorrect file descriptor.'
2025-02-05 09:53:23.420+0000 WARN  [o.n.k.i.t.l.f.LogFileChannelNativeAccessor] [system/00000000] Unable to evict transaction log from cache with version: 0. Error: ErrorCode=-1, errorMessage='Incorrect file descriptor.'
2025-02-05 09:53:23.420+0000 WARN  [o.n.k.i.t.l.f.LogFileChannelNativeAccessor] [system/00000000] Unable to evict transaction log from cache with version: 0. Error: ErrorCode=-1, errorMessage='Incorrect file descriptor.'
2025-02-05 09:53:23.424+0000 INFO  [o.n.k.i.a.i.IndexingService] [system/00000000] IndexingService.start: indexes not specifically mentioned above are ONLINE. Total 7 indexes. Processed in 0ms
2025-02-05 09:53:23.433+0000 INFO  [o.n.k.a.DatabaseAvailabilityGuard] [system/00000000] Fulfilling of requirement 'Database unavailable' makes database system available.
2025-02-05 09:53:23.434+0000 INFO  [o.n.k.a.DatabaseAvailabilityGuard] [system/00000000] DatabaseId{00000000[system]} is ready.
2025-02-05 09:53:23.600+0000 INFO  [o.n.s.s.s.UserSecurityGraphComponent] Performing postInitialization step for component 'security-users' with version 5 and status CURRENT
2025-02-05 09:53:23.601+0000 INFO  [o.n.s.s.s.UserSecurityGraphComponent] Updating the initial password in component 'security-users'
2025-02-05 09:53:23.631+0000 INFO  [o.n.d.d.DatabaseLifecycles] Creating 'DatabaseId{2f78ad65[neo4j]}'.
2025-02-05 09:53:23.636+0000 INFO  [o.n.d.d.DatabaseLifecycles] Starting 'DatabaseId{2f78ad65[neo4j]}'.
2025-02-05 09:53:23.696+0000 WARN  [o.n.k.i.t.l.f.c.CheckpointFileChannelNativeAccessor] [neo4j/2f78ad65] Unable to advise sequential access for transaction log version: 0. Error: ErrorCode=-1, errorMessage='Incorrect file descriptor.'
2025-02-05 09:53:23.696+0000 WARN  [o.n.k.i.t.l.f.c.CheckpointFileChannelNativeAccessor] [neo4j/2f78ad65] Unable to advise preserve data in cache for transaction log version: 0. Error: ErrorCode=-1, errorMessage='Incorrect file descriptor.'
2025-02-05 09:53:23.697+0000 INFO  [o.n.k.i.t.l.f.c.CheckpointLogFile] [neo4j/2f78ad65] Scanning log file with version 0 for checkpoint entries
2025-02-05 09:53:23.698+0000 WARN  [o.n.k.i.t.l.f.c.CheckpointFileChannelNativeAccessor] [neo4j/2f78ad65] Unable to evict transaction log from cache with version: 0. Error: ErrorCode=-1, errorMessage='Incorrect file descriptor.'
2025-02-05 09:53:23.705+0000 WARN  [o.n.k.i.t.l.f.c.CheckpointFileChannelNativeAccessor] [neo4j/2f78ad65] Unable to advise sequential access for transaction log version: 0. Error: ErrorCode=-1, errorMessage='Incorrect file descriptor.'
2025-02-05 09:53:23.706+0000 WARN  [o.n.k.i.t.l.f.c.CheckpointFileChannelNativeAccessor] [neo4j/2f78ad65] Unable to advise preserve data in cache for transaction log version: 0. Error: ErrorCode=-1, errorMessage='Incorrect file descriptor.'
2025-02-05 09:53:23.707+0000 WARN  [o.n.k.i.t.l.f.c.CheckpointFileChannelNativeAccessor] [neo4j/2f78ad65] Unable to evict transaction log from cache with version: 0. Error: ErrorCode=-1, errorMessage='Incorrect file descriptor.'
2025-02-05 09:53:23.714+0000 WARN  [o.n.k.i.t.l.f.LogFileChannelNativeAccessor] [neo4j/2f78ad65] Unable to advise sequential access for transaction log version: 0. Error: ErrorCode=-1, errorMessage='Incorrect file descriptor.'
2025-02-05 09:53:23.715+0000 WARN  [o.n.k.i.t.l.f.LogFileChannelNativeAccessor] [neo4j/2f78ad65] Unable to advise preserve data in cache for transaction log version: 0. Error: ErrorCode=-1, errorMessage='Incorrect file descriptor.'
2025-02-05 09:53:23.718+0000 WARN  [o.n.k.i.t.l.f.LogFileChannelNativeAccessor] [neo4j/2f78ad65] Unable to advise sequential access for transaction log version: 0. Error: ErrorCode=-1, errorMessage='Incorrect file descriptor.'
2025-02-05 09:53:23.719+0000 WARN  [o.n.k.i.t.l.f.LogFileChannelNativeAccessor] [neo4j/2f78ad65] Unable to advise preserve data in cache for transaction log version: 0. Error: ErrorCode=-1, errorMessage='Incorrect file descriptor.'
2025-02-05 09:53:23.719+0000 WARN  [o.n.k.i.t.l.f.LogFileChannelNativeAccessor] [neo4j/2f78ad65] Unable to evict transaction log from cache with version: 0. Error: ErrorCode=-1, errorMessage='Incorrect file descriptor.'
2025-02-05 09:53:23.719+0000 WARN  [o.n.k.i.t.l.f.LogFileChannelNativeAccessor] [neo4j/2f78ad65] Unable to evict transaction log from cache with version: 0. Error: ErrorCode=-1, errorMessage='Incorrect file descriptor.'
2025-02-05 09:53:23.768+0000 INFO  [o.n.k.i.s.f.RecordFormatSelector] [neo4j/2f78ad65] Selected RecordFormat:PageAlignedV5_0[aligned-1.1] record format from store /data/databases/neo4j
2025-02-05 09:53:23.768+0000 INFO  [o.n.k.i.s.f.RecordFormatSelector] [neo4j/2f78ad65] Selected format from the store files: RecordFormat:PageAlignedV5_0[aligned-1.1]
2025-02-05 09:53:23.945+0000 WARN  [o.n.k.i.t.l.f.LogFileChannelNativeAccessor] [neo4j/2f78ad65] Unable to advise sequential access for transaction log version: 0. Error: ErrorCode=-1, errorMessage='Incorrect file descriptor.'
2025-02-05 09:53:23.945+0000 WARN  [o.n.k.i.t.l.f.LogFileChannelNativeAccessor] [neo4j/2f78ad65] Unable to advise preserve data in cache for transaction log version: 0. Error: ErrorCode=-1, errorMessage='Incorrect file descriptor.'
2025-02-05 09:53:23.946+0000 WARN  [o.n.k.i.t.l.f.LogFileChannelNativeAccessor] [neo4j/2f78ad65] Unable to evict transaction log from cache with version: 0. Error: ErrorCode=-1, errorMessage='Incorrect file descriptor.'
2025-02-05 09:53:24.093+0000 WARN  [o.n.k.i.t.l.f.c.CheckpointFileChannelNativeAccessor] [neo4j/2f78ad65] Unable to advise sequential access for transaction log version: 0. Error: ErrorCode=-1, errorMessage='Incorrect file descriptor.'
2025-02-05 09:53:24.093+0000 WARN  [o.n.k.i.t.l.f.c.CheckpointFileChannelNativeAccessor] [neo4j/2f78ad65] Unable to advise preserve data in cache for transaction log version: 0. Error: ErrorCode=-1, errorMessage='Incorrect file descriptor.'
2025-02-05 09:53:24.095+0000 WARN  [o.n.k.i.t.l.f.c.CheckpointFileChannelNativeAccessor] [neo4j/2f78ad65] Unable to evict transaction log from cache with version: 0. Error: ErrorCode=-1, errorMessage='Incorrect file descriptor.'
2025-02-05 09:53:24.096+0000 INFO  [o.n.i.d.DiagnosticsManager] [neo4j/2f78ad65] 
                                                                [neo4j/2f78ad65] ********************************************************************************
                                                                [neo4j/2f78ad65]                               [ Database: neo4j ]                               
                                                                [neo4j/2f78ad65] ********************************************************************************
                                                                [neo4j/2f78ad65] --------------------------------------------------------------------------------
                                                                [neo4j/2f78ad65]                                   [ Version ]                                   
                                                                [neo4j/2f78ad65] --------------------------------------------------------------------------------
                                                                [neo4j/2f78ad65] DBMS: community record-aligned-1.1
                                                                [neo4j/2f78ad65] Kernel version: 5.26.1
                                                                [neo4j/2f78ad65] 
                                                                [neo4j/2f78ad65] --------------------------------------------------------------------------------
                                                                [neo4j/2f78ad65]                                 [ Store files ]                                 
                                                                [neo4j/2f78ad65] --------------------------------------------------------------------------------
                                                                [neo4j/2f78ad65] Disk space on partition (Total / Free / Free %): 119013953536 / 14838566912 / 12
                                                                [neo4j/2f78ad65] Storage files stored on file store: 9p
                                                                [neo4j/2f78ad65] Storage files: (filename : modification date - size)
                                                                [neo4j/2f78ad65]   database_lock: 2025-02-05 09:52:16.846+0000 - 0B
                                                                [neo4j/2f78ad65]   neostore: 2025-02-05 09:52:16.768+0000 - 8.000KiB
                                                                [neo4j/2f78ad65]   neostore.counts.db: 2025-02-05 09:53:23.957+0000 - 40.00KiB
                                                                [neo4j/2f78ad65]   neostore.indexstats.db: 2025-02-05 09:53:23.972+0000 - 48.00KiB
                                                                [neo4j/2f78ad65]   neostore.labeltokenstore.db: 2025-02-05 09:52:16.717+0000 - 0B
                                                                [neo4j/2f78ad65]   neostore.labeltokenstore.db.id: 2025-02-05 09:53:23.908+0000 - 40.00KiB
                                                                [neo4j/2f78ad65]   neostore.labeltokenstore.db.names: 2025-02-05 09:52:16.702+0000 - 8.000KiB
                                                                [neo4j/2f78ad65]   neostore.labeltokenstore.db.names.id: 2025-02-05 09:53:23.908+0000 - 40.00KiB
                                                                [neo4j/2f78ad65]   neostore.nodestore.db: 2025-02-05 09:52:16.620+0000 - 0B
                                                                [neo4j/2f78ad65]   neostore.nodestore.db.id: 2025-02-05 09:53:23.793+0000 - 40.00KiB
                                                                [neo4j/2f78ad65]   neostore.nodestore.db.labels: 2025-02-05 09:52:16.603+0000 - 8.000KiB
                                                                [neo4j/2f78ad65]   neostore.nodestore.db.labels.id: 2025-02-05 09:53:23.784+0000 - 40.00KiB
                                                                [neo4j/2f78ad65]   neostore.propertystore.db: 2025-02-05 09:52:17.371+0000 - 8.000KiB
                                                                [neo4j/2f78ad65]   neostore.propertystore.db.arrays: 2025-02-05 09:52:16.655+0000 - 8.000KiB
                                                                [neo4j/2f78ad65]   neostore.propertystore.db.arrays.id: 2025-02-05 09:53:23.833+0000 - 40.00KiB
                                                                [neo4j/2f78ad65]   neostore.propertystore.db.id: 2025-02-05 09:53:23.833+0000 - 40.00KiB
                                                                [neo4j/2f78ad65]   neostore.propertystore.db.index: 2025-02-05 09:52:17.371+0000 - 8.000KiB
                                                                [neo4j/2f78ad65]   neostore.propertystore.db.index.id: 2025-02-05 09:53:23.813+0000 - 40.00KiB
                                                                [neo4j/2f78ad65]   neostore.propertystore.db.index.keys: 2025-02-05 09:52:17.371+0000 - 8.000KiB
                                                                [neo4j/2f78ad65]   neostore.propertystore.db.index.keys.id: 2025-02-05 09:53:23.803+0000 - 40.00KiB
                                                                [neo4j/2f78ad65]   neostore.propertystore.db.strings: 2025-02-05 09:52:16.648+0000 - 8.000KiB
                                                                [neo4j/2f78ad65]   neostore.propertystore.db.strings.id: 2025-02-05 09:53:23.817+0000 - 40.00KiB
                                                                [neo4j/2f78ad65]   neostore.relationshipgroupstore.db: 2025-02-05 09:52:16.747+0000 - 8.000KiB
                                                                [neo4j/2f78ad65]   neostore.relationshipgroupstore.db.id: 2025-02-05 09:53:23.940+0000 - 40.00KiB
                                                                [neo4j/2f78ad65]   neostore.relationshipgroupstore.degrees.db: 2025-02-05 09:53:23.957+0000 - 40.00KiB
                                                                [neo4j/2f78ad65]   neostore.relationshipstore.db: 2025-02-05 09:52:16.668+0000 - 0B
                                                                [neo4j/2f78ad65]   neostore.relationshipstore.db.id: 2025-02-05 09:53:23.865+0000 - 40.00KiB
                                                                [neo4j/2f78ad65]   neostore.relationshiptypestore.db: 2025-02-05 09:52:16.688+0000 - 0B
                                                                [neo4j/2f78ad65]   neostore.relationshiptypestore.db.id: 2025-02-05 09:53:23.881+0000 - 40.00KiB
                                                                [neo4j/2f78ad65]   neostore.relationshiptypestore.db.names: 2025-02-05 09:52:16.674+0000 - 8.000KiB
                                                                [neo4j/2f78ad65]   neostore.relationshiptypestore.db.names.id: 2025-02-05 09:53:23.865+0000 - 40.00KiB
                                                                [neo4j/2f78ad65]   neostore.schemastore.db: 2025-02-05 09:52:17.355+0000 - 8.000KiB
                                                                [neo4j/2f78ad65]   neostore.schemastore.db.id: 2025-02-05 09:53:23.924+0000 - 40.00KiB
                                                                [neo4j/2f78ad65]   schema:
                                                                [neo4j/2f78ad65]     index:
                                                                [neo4j/2f78ad65]       token-lookup-1.0:
                                                                [neo4j/2f78ad65]         1:
                                                                [neo4j/2f78ad65]           index-1: 2025-02-05 09:52:55.875+0000 - 40.00KiB
                                                                [neo4j/2f78ad65]         - Total: 2025-02-05 09:52:16.986+0000 - 40.00KiB
                                                                [neo4j/2f78ad65]         2:
                                                                [neo4j/2f78ad65]           index-2: 2025-02-05 09:52:55.881+0000 - 40.00KiB
                                                                [neo4j/2f78ad65]         - Total: 2025-02-05 09:52:16.954+0000 - 40.00KiB
                                                                [neo4j/2f78ad65]       - Total: 2025-02-05 09:52:16.986+0000 - 80.00KiB
                                                                [neo4j/2f78ad65]     - Total: 2025-02-05 09:52:16.939+0000 - 80.00KiB
                                                                [neo4j/2f78ad65]   - Total: 2025-02-05 09:52:16.939+0000 - 80.00KiB
                                                                [neo4j/2f78ad65] Storage summary: 
                                                                [neo4j/2f78ad65]   Total size of store: 856.0KiB
                                                                [neo4j/2f78ad65]   Total size of mapped files: 168.0KiB
                                                                [neo4j/2f78ad65] 
                                                                [neo4j/2f78ad65] --------------------------------------------------------------------------------
                                                                [neo4j/2f78ad65]                               [ Transaction log ]                               
                                                                [neo4j/2f78ad65] --------------------------------------------------------------------------------
                                                                [neo4j/2f78ad65] Transaction log files stored on file store: 9p
                                                                [neo4j/2f78ad65] Transaction log metadata:
                                                                [neo4j/2f78ad65]  - current kernel version used in transactions: V5_25
                                                                [neo4j/2f78ad65]  - last committed transaction id: 3
                                                                [neo4j/2f78ad65] Transaction log files:
                                                                [neo4j/2f78ad65]  - existing transaction log versions: 0-0
                                                                [neo4j/2f78ad65]  - oldest append index 2 found in log with version 0
                                                                [neo4j/2f78ad65]  - files: (filename : creation date - size)
                                                                [neo4j/2f78ad65]      neostore.transaction.db.0: 2025-02-05 09:52:16.923+0000 - 3.162KiB
                                                                [neo4j/2f78ad65]  - total size of files: 3.162KiB
                                                                [neo4j/2f78ad65] Checkpoint log files:
                                                                [neo4j/2f78ad65]  - existing checkpoint log versions: 0-0
                                                                [neo4j/2f78ad65]  - last checkpoint: CheckpointInfo[oldestNotVisibleTransactionLogPosition=LogPosition{logVersion=0, byteOffset=3238}, transactionLogPosition=LogPosition{logVersion=0, byteOffset=3238}, storeId=StoreId{creationTime=1738749136768, random=-4933030458438403392, storageEngineName='record', formatName='aligned', majorVersion=1, minorVersion=1}, checkpointEntryPosition=LogPosition{logVersion=0, byteOffset=360}, channelPositionAfterCheckpoint=LogPosition{logVersion=0, byteOffset=592}, checkpointFilePostReadPosition=LogPosition{logVersion=0, byteOffset=592}, kernelVersion=KernelVersion{V5_25,version=20}, kernelVersionByte=20, transactionId=TransactionId[id=3, appendIndex=3, kernelVersion=KernelVersion{V5_25,version=20}, checksum=-812742017, commitTimestamp=1738749136920, consensusIndex=-1], appendIndex=3, reason=Checkpoint triggered by "Database shutdown" @ txId: 3, append index: 3, consensusIndexInCheckpoint=true]
                                                                [neo4j/2f78ad65] 
                                                                [neo4j/2f78ad65] --------------------------------------------------------------------------------
                                                                [neo4j/2f78ad65]                                   [ Id usage ]                                  
                                                                [neo4j/2f78ad65] --------------------------------------------------------------------------------
                                                                [neo4j/2f78ad65] ArrayPropertyStore[neostore.nodestore.db.labels]: used=1 high=0
                                                                [neo4j/2f78ad65] NodeStore[neostore.nodestore.db]: used=0 high=-1
                                                                [neo4j/2f78ad65] StringPropertyStore[neostore.propertystore.db.index.keys]: used=20 high=19
                                                                [neo4j/2f78ad65] PropertyIndexStore[neostore.propertystore.db.index]: used=10 high=9
                                                                [neo4j/2f78ad65] StringPropertyStore[neostore.propertystore.db.strings]: used=1 high=0
                                                                [neo4j/2f78ad65] ArrayPropertyStore[neostore.propertystore.db.arrays]: used=1 high=0
                                                                [neo4j/2f78ad65] PropertyStore[neostore.propertystore.db]: used=8 high=7
                                                                [neo4j/2f78ad65] RelationshipStore[neostore.relationshipstore.db]: used=0 high=-1
                                                                [neo4j/2f78ad65] StringPropertyStore[neostore.relationshiptypestore.db.names]: used=1 high=0
                                                                [neo4j/2f78ad65] RelationshipTypeStore[neostore.relationshiptypestore.db]: used=0 high=-1
                                                                [neo4j/2f78ad65] StringPropertyStore[neostore.labeltokenstore.db.names]: used=1 high=0
                                                                [neo4j/2f78ad65] LabelTokenStore[neostore.labeltokenstore.db]: used=0 high=-1
                                                                [neo4j/2f78ad65] SchemaStore[neostore.schemastore.db]: used=3 high=2
                                                                [neo4j/2f78ad65] RelationshipGroupStore[neostore.relationshipgroupstore.db]: used=1 high=0
                                                                [neo4j/2f78ad65] NeoStore[neostore]: used=-1 high=-1
                                                                [neo4j/2f78ad65] 
                                                                [neo4j/2f78ad65] --------------------------------------------------------------------------------
                                                                [neo4j/2f78ad65]                                   [ Metadata ]                                  
                                                                [neo4j/2f78ad65] --------------------------------------------------------------------------------
                                                                [neo4j/2f78ad65] EXTERNAL_STORE_UUID (Database identifier exposed as external store identity. Generated on creation and never updated): c7a568ce-0d86-4055-baee-5b067fb96fe8
                                                                [neo4j/2f78ad65] DATABASE_ID (The last used DatabaseId for this database): null
                                                                [neo4j/2f78ad65] LEGACY_STORE_VERSION (Legacy store format version. This field is used from 5.0 onwards only to distinguish non-migrated pre 5.0 metadata stores.): -3523014627327384477
                                                                [neo4j/2f78ad65] STORE_ID (Store ID): StoreId{creationTime=1738749136768, random=-4933030458438403392, storageEngineName='record', formatName='aligned', majorVersion=1, minorVersion=1}
                                                                [neo4j/2f78ad65] 
2025-02-05 09:53:24.150+0000 INFO  [o.n.k.i.a.i.IndexingService] [neo4j/2f78ad65] IndexingService.init: indexes not specifically mentioned above are ONLINE. Total 2 indexes. Processed in 51ms
2025-02-05 09:53:24.165+0000 INFO  [o.n.k.a.DatabaseAvailabilityGuard] [neo4j/2f78ad65] Requirement `Database unavailable` makes database neo4j unavailable.
2025-02-05 09:53:24.165+0000 INFO  [o.n.k.a.DatabaseAvailabilityGuard] [neo4j/2f78ad65] DatabaseId{2f78ad65[neo4j]} is unavailable.
2025-02-05 09:53:24.172+0000 WARN  [o.n.k.i.t.l.f.LogFileChannelNativeAccessor] [neo4j/2f78ad65] Unable to advise sequential access for transaction log version: 0. Error: ErrorCode=-1, errorMessage='Incorrect file descriptor.'
2025-02-05 09:53:24.172+0000 WARN  [o.n.k.i.t.l.f.LogFileChannelNativeAccessor] [neo4j/2f78ad65] Unable to advise preserve data in cache for transaction log version: 0. Error: ErrorCode=-1, errorMessage='Incorrect file descriptor.'
2025-02-05 09:53:24.173+0000 INFO  [o.n.k.d.Database] [neo4j/2f78ad65] Starting transaction log [/data/transactions/neo4j/neostore.transaction.db.0] at version=0
2025-02-05 09:53:24.176+0000 WARN  [o.n.k.i.t.l.f.c.CheckpointFileChannelNativeAccessor] [neo4j/2f78ad65] Unable to advise sequential access for transaction log version: 0. Error: ErrorCode=-1, errorMessage='Incorrect file descriptor.'
2025-02-05 09:53:24.176+0000 WARN  [o.n.k.i.t.l.f.c.CheckpointFileChannelNativeAccessor] [neo4j/2f78ad65] Unable to advise preserve data in cache for transaction log version: 0. Error: ErrorCode=-1, errorMessage='Incorrect file descriptor.'
2025-02-05 09:53:24.177+0000 INFO  [o.n.k.d.Database] [neo4j/2f78ad65] Starting transaction log [/data/transactions/neo4j/checkpoint.0] at version=0
2025-02-05 09:53:24.182+0000 WARN  [o.n.k.i.t.l.f.c.CheckpointFileChannelNativeAccessor] [neo4j/2f78ad65] Unable to advise sequential access for transaction log version: 0. Error: ErrorCode=-1, errorMessage='Incorrect file descriptor.'
2025-02-05 09:53:24.182+0000 WARN  [o.n.k.i.t.l.f.c.CheckpointFileChannelNativeAccessor] [neo4j/2f78ad65] Unable to advise preserve data in cache for transaction log version: 0. Error: ErrorCode=-1, errorMessage='Incorrect file descriptor.'
2025-02-05 09:53:24.183+0000 INFO  [o.n.k.i.t.l.f.c.CheckpointLogFile] [neo4j/2f78ad65] Scanning log file with version 0 for checkpoint entries
2025-02-05 09:53:24.184+0000 WARN  [o.n.k.i.t.l.f.c.CheckpointFileChannelNativeAccessor] [neo4j/2f78ad65] Unable to evict transaction log from cache with version: 0. Error: ErrorCode=-1, errorMessage='Incorrect file descriptor.'
2025-02-05 09:53:24.187+0000 WARN  [o.n.k.i.t.l.f.c.CheckpointFileChannelNativeAccessor] [neo4j/2f78ad65] Unable to advise sequential access for transaction log version: 0. Error: ErrorCode=-1, errorMessage='Incorrect file descriptor.'
2025-02-05 09:53:24.187+0000 WARN  [o.n.k.i.t.l.f.c.CheckpointFileChannelNativeAccessor] [neo4j/2f78ad65] Unable to advise preserve data in cache for transaction log version: 0. Error: ErrorCode=-1, errorMessage='Incorrect file descriptor.'
2025-02-05 09:53:24.187+0000 WARN  [o.n.k.i.t.l.f.c.CheckpointFileChannelNativeAccessor] [neo4j/2f78ad65] Unable to evict transaction log from cache with version: 0. Error: ErrorCode=-1, errorMessage='Incorrect file descriptor.'
2025-02-05 09:53:24.189+0000 WARN  [o.n.k.i.t.l.f.LogFileChannelNativeAccessor] [neo4j/2f78ad65] Unable to advise sequential access for transaction log version: 0. Error: ErrorCode=-1, errorMessage='Incorrect file descriptor.'
2025-02-05 09:53:24.189+0000 WARN  [o.n.k.i.t.l.f.LogFileChannelNativeAccessor] [neo4j/2f78ad65] Unable to advise preserve data in cache for transaction log version: 0. Error: ErrorCode=-1, errorMessage='Incorrect file descriptor.'
2025-02-05 09:53:24.191+0000 WARN  [o.n.k.i.t.l.f.LogFileChannelNativeAccessor] [neo4j/2f78ad65] Unable to advise sequential access for transaction log version: 0. Error: ErrorCode=-1, errorMessage='Incorrect file descriptor.'
2025-02-05 09:53:24.191+0000 WARN  [o.n.k.i.t.l.f.LogFileChannelNativeAccessor] [neo4j/2f78ad65] Unable to advise preserve data in cache for transaction log version: 0. Error: ErrorCode=-1, errorMessage='Incorrect file descriptor.'
2025-02-05 09:53:24.192+0000 WARN  [o.n.k.i.t.l.f.LogFileChannelNativeAccessor] [neo4j/2f78ad65] Unable to evict transaction log from cache with version: 0. Error: ErrorCode=-1, errorMessage='Incorrect file descriptor.'
2025-02-05 09:53:24.192+0000 WARN  [o.n.k.i.t.l.f.LogFileChannelNativeAccessor] [neo4j/2f78ad65] Unable to evict transaction log from cache with version: 0. Error: ErrorCode=-1, errorMessage='Incorrect file descriptor.'
2025-02-05 09:53:24.195+0000 INFO  [o.n.k.i.a.i.IndexingService] [neo4j/2f78ad65] IndexingService.start: indexes not specifically mentioned above are ONLINE. Total 2 indexes. Processed in 0ms
2025-02-05 09:53:24.196+0000 INFO  [o.n.k.a.DatabaseAvailabilityGuard] [neo4j/2f78ad65] Fulfilling of requirement 'Database unavailable' makes database neo4j available.
2025-02-05 09:53:24.197+0000 INFO  [o.n.k.a.DatabaseAvailabilityGuard] [neo4j/2f78ad65] DatabaseId{2f78ad65[neo4j]} is ready.
2025-02-05 09:53:24.198+0000 INFO  [o.n.u.UserDataCollector] Anonymous Usage Data is being sent to Neo4j, see https://neo4j.com/docs/usage-data/
2025-02-05 09:53:24.248+0000 INFO  [o.n.b.p.c.c.n.SocketNettyConnector] Bolt enabled on 0.0.0.0:7687.
2025-02-05 09:53:24.251+0000 WARN  [i.n.b.ServerBootstrap] Unknown channel option 'SO_REUSEADDR' for channel '[id: 0x4cde3398]'
2025-02-05 09:53:24.259+0000 INFO  [o.n.b.BoltServer] Bolt server started
2025-02-05 09:53:24.259+0000 INFO  [o.n.s.A.ServerComponentsLifecycleAdapter] Starting web server
2025-02-05 09:53:25.063+0000 INFO  [o.n.s.CommunityNeoWebServer] HTTP enabled on 0.0.0.0:7474.
2025-02-05 09:53:25.065+0000 INFO  [o.n.s.CommunityNeoWebServer] Remote interface available at http://localhost:7474/
2025-02-05 09:53:25.065+0000 INFO  [o.n.s.A.ServerComponentsLifecycleAdapter] Web server started.
2025-02-05 09:53:25.070+0000 INFO  [o.n.g.f.DatabaseManagementServiceFactory] id: F46FDE636ABD15BF1086EFF8374EC6F84607B1836450B8C535ECE90DB863A6E3
2025-02-05 09:53:25.072+0000 INFO  [o.n.g.f.DatabaseManagementServiceFactory] name: system
2025-02-05 09:53:25.073+0000 INFO  [o.n.g.f.DatabaseManagementServiceFactory] creationDate: 2025-02-05T09:52:13.969Z
2025-02-05 09:55:12.812+0000 INFO  [o.n.g.f.DatabaseManagementServiceFactory] Shutdown started
2025-02-05 09:55:12.846+0000 INFO  [o.n.b.BoltServer] Requested Bolt server shutdown
2025-02-05 09:55:12.848+0000 INFO  [o.n.b.p.c.c.ConnectionRegistry] Stopping remaining idle connections for connector bolt-local
2025-02-05 09:55:12.849+0000 INFO  [o.n.b.p.c.c.ConnectionRegistry] Stopped 0 idling connections for connector bolt-local
2025-02-05 09:55:12.850+0000 INFO  [o.n.b.p.c.c.ConnectionRegistry] Stopping remaining idle connections for connector bolt
2025-02-05 09:55:12.850+0000 INFO  [o.n.b.p.c.c.ConnectionRegistry] Stopped 0 idling connections for connector bolt
2025-02-05 09:55:12.851+0000 INFO  [o.n.d.d.DatabaseLifecycles] Stopping 'DatabaseId{2f78ad65[neo4j]}'.
2025-02-05 09:55:12.934+0000 INFO  [o.n.k.a.DatabaseAvailabilityGuard] [neo4j/2f78ad65] Requirement `Database unavailable` makes database neo4j unavailable.
2025-02-05 09:55:12.935+0000 INFO  [o.n.k.a.DatabaseAvailabilityGuard] [neo4j/2f78ad65] DatabaseId{2f78ad65[neo4j]} is unavailable.
2025-02-05 09:55:12.938+0000 INFO  [o.n.k.d.Database] [neo4j/2f78ad65] Waiting for closing transactions.
2025-02-05 09:55:12.939+0000 INFO  [o.n.k.d.Database] [neo4j/2f78ad65] All transactions are closed.
2025-02-05 09:55:12.943+0000 INFO  [o.n.k.i.t.l.c.CheckPointerImpl] [neo4j/2f78ad65] Checkpoint triggered by "Database shutdown" @ txId: 15, append index: 15 checkpoint started...
2025-02-05 09:55:13.149+0000 INFO  [o.n.k.i.t.l.c.CheckPointerImpl] [neo4j/2f78ad65] Checkpoint triggered by "Database shutdown" @ txId: 15, append index: 15 checkpoint completed in 204ms. Checkpoint flushed 52 pages (0% of total available pages), in 52 IOs. Checkpoint performed with IO limit: unlimited, paused in total 0 times( 0 millis).
2025-02-05 09:55:13.152+0000 INFO  [o.n.k.i.t.l.p.LogPruningImpl] [neo4j/2f78ad65] No log version pruned. The strategy used was '2 days'. 
2025-02-05 09:55:13.191+0000 WARN  [o.n.k.i.t.l.f.c.CheckpointFileChannelNativeAccessor] [neo4j/2f78ad65] Unable to evict transaction log from cache with version: 0. Error: ErrorCode=-1, errorMessage='Incorrect file descriptor.'
2025-02-05 09:55:13.199+0000 WARN  [o.n.k.i.t.l.f.LogFileChannelNativeAccessor] [neo4j/2f78ad65] Unable to evict transaction log from cache with version: 0. Error: ErrorCode=-1, errorMessage='Incorrect file descriptor.'
2025-02-05 09:55:13.331+0000 INFO  [o.n.d.d.DatabaseLifecycles] Stopped 'DatabaseId{2f78ad65[neo4j]}' successfully.
2025-02-05 09:55:13.332+0000 INFO  [o.n.d.d.DatabaseLifecycles] Stopping 'DatabaseId{00000000[system]}'.
2025-02-05 09:55:13.333+0000 INFO  [o.n.k.a.DatabaseAvailabilityGuard] [system/00000000] Requirement `Database unavailable` makes database system unavailable.
2025-02-05 09:55:13.333+0000 INFO  [o.n.k.a.DatabaseAvailabilityGuard] [system/00000000] DatabaseId{00000000[system]} is unavailable.
2025-02-05 09:55:13.335+0000 INFO  [o.n.k.d.Database] [system/00000000] Waiting for closing transactions.
2025-02-05 09:55:13.335+0000 INFO  [o.n.k.d.Database] [system/00000000] All transactions are closed.
2025-02-05 09:55:13.336+0000 INFO  [o.n.k.i.t.l.c.CheckPointerImpl] [system/00000000] Checkpoint triggered by "Database shutdown" @ txId: 41, append index: 41 checkpoint started...
2025-02-05 09:55:13.487+0000 INFO  [o.n.k.i.t.l.c.CheckPointerImpl] [system/00000000] Checkpoint triggered by "Database shutdown" @ txId: 41, append index: 41 checkpoint completed in 150ms. Checkpoint flushed 28 pages (0% of total available pages), in 28 IOs. Checkpoint performed with IO limit: unlimited, paused in total 0 times( 0 millis).
2025-02-05 09:55:13.490+0000 INFO  [o.n.k.i.t.l.p.LogPruningImpl] [system/00000000] No log version pruned. The strategy used was '2 days'. 
2025-02-05 09:55:13.608+0000 WARN  [o.n.k.i.t.l.f.c.CheckpointFileChannelNativeAccessor] [system/00000000] Unable to evict transaction log from cache with version: 0. Error: ErrorCode=-1, errorMessage='Incorrect file descriptor.'
2025-02-05 09:55:13.611+0000 WARN  [o.n.k.i.t.l.f.LogFileChannelNativeAccessor] [system/00000000] Unable to evict transaction log from cache with version: 0. Error: ErrorCode=-1, errorMessage='Incorrect file descriptor.'
2025-02-05 09:55:13.820+0000 INFO  [o.n.d.d.DatabaseLifecycles] Stopped 'DatabaseId{00000000[system]}' successfully.
2025-02-05 09:55:13.826+0000 INFO  [o.n.b.BoltServer] Shutting down Bolt server
2025-02-05 09:55:18.841+0000 INFO  [o.n.b.p.c.c.ConnectionRegistry] Stopping 0 connections for connector bolt-local
2025-02-05 09:55:18.844+0000 INFO  [o.n.b.p.c.c.ConnectionRegistry] Stopped all remaining connections for connector bolt-local
2025-02-05 09:55:18.846+0000 INFO  [o.n.b.p.c.c.ConnectionRegistry] Stopping 0 connections for connector bolt
2025-02-05 09:55:18.846+0000 INFO  [o.n.b.p.c.c.ConnectionRegistry] Stopped all remaining connections for connector bolt
